5.43211705,18.41590504,1.76026896,16.45575277,-0.28222535,-7.15942065,-4.02042468
2.22775749,2.41637989,2.70427127,0.2773659,-0.27243362,-1.06291512,-0.9780354
2.08938758,-0.50065047,0.98735991,-0.36789925,2.18927703,-2.60831436,-2.83521502
1.77541722,-0.09551135,-0.89448443,0.11033042,1.92196707,-1.3067372,-2.47453298
1.46921859,0.08698066,0.74678671,0.07924871,3.94914349,-1.34039676,-3.55704685
0.47810983,-0.15689843,0.03923913,-0.20475337,1.33797493,-0.56721753,-1.5306663
0.59685844,0.05451846,0.40005894,0.1647686,-1.19685818,-0.41598269,-1.03948162
0.03137611,0.40531765,0.66712648,0.48222381,-0.17924362,-1.27025677,0.26612735
2.06263386,-0.06576318,0.15139333,-0.0905351,-0.21251788,-0.97902422,-0.14952294
0.17346381,0.33365899,0.25855059,0.12037546,0.03812827,0.10747861,-2.08348419
0.93079275,0.49336804,1.12186891,0.79890095,-1.44867463,-0.1177277,-1.65984428
0.64623079,0.54259688,2.14024404,0.73835528,0.95229213,-0.39670907,-0.9399009
1.37058924,0.35056441,-0.12091999,0.06641474,1.16003172,-0.4032781,-1.10817279
0.84683416,0.40235721,1.0816081,0.80983251,-0.17275495,-0.93966679,-0.2234439
0.96674863,0.70666723,1.27842026,0.70548934,0.11821334,-1.25118858,1.14764651
0.23285725,0.64350736,0.9975985,0.46799038,0.81099843,-0.53502653,1.77553396
0.00308266,0.85594827,-0.40673501,0.91103627,-2.17482862,0.84708911,-3.32795929
0.23472459,1.00514943,-0.03532944,1.02365776,-2.06804971,1.24907197,-2.73409847
-0.08539069,0.92086853,-0.76598773,0.81299566,-0.24217088,2.18746922,-1.47488021
1.38080569,0.72253784,-0.4298542,0.76593393,-1.41030496,0.00180077,0.50523498
0.93506346,0.4985103,1.60003153,0.56572907,-1.05024117,-0.2541589,-0.72978278
-0.15212061,0.47595176,1.19967916,0.55006924,-0.4457711,1.21623664,1.89411477
-0.15426288,0.54125723,-0.08204898,0.6187669,0.22822208,0.11950632,-0.14982729
0.05391196,0.76316997,0.27028544,0.53320209,1.02220286,0.90721203,-0.56946999
0.51949354,0.4920825,-1.26946755,0.70954695,-0.64115062,1.83802756,-0.10622475
0.11330283,0.60659074,0.16951739,0.61298831,-1.32179299,0.80084173,-0.14358515
1.46223632,0.58692701,0.23952056,0.52412898,0.09666669,1.63514833,1.01441169
0.2481744,0.08581225,1.95035897,0.23693952,1.81431939,-0.12639607,-0.76672605
1.03813205,0.16696119,-0.4702762,0.19566335,0.9829991,0.42757981,0.93552922
-0.05684833,0.30945975,-0.14445687,0.3385867,-0.30353779,-0.23129881,0.37925277
-1.10317137,0.21802038,-0.98172821,0.1001726,-1.22018162,1.87843734,-1.77721824
-0.26172733,0.27311146,0.8747817,0.2574487,-1.24738927,2.53871334,-1.45108439
-0.80113749,0.43646154,0.37879372,0.60724931,-1.31179643,1.87407712,-0.45074723
0.00152002,0.83655285,0.15346144,0.87030984,-0.47308996,0.77840601,1.30759437
0.21214239,0.22593201,-1.89296346,0.26363328,-0.73455581,0.22329434,1.35536889
0.45927736,-0.2034937,-0.99808871,-0.1774659,0.19089221,1.39811899,-1.44802131
-0.04465386,-0.08024942,0.5624973,-0.07802754,0.33562816,0.65606855,-0.25634976
-0.08076017,0.31640959,0.6739313,0.21903316,-0.64900061,1.00515683,0.7586522
-0.09924013,-0.11588987,-1.10912313,-0.11615384,-0.77769825,0.46243128,0.62251866
-0.45311528,0.07600114,-1.57412874,0.02429046,0.00208073,0.89997891,-0.24219085
1.44743152,0.30804309,-1.05744368,0.51421104,-0.23675316,0.87672731,0.07605645
0.59808108,-0.4026606,-0.59232662,-0.4242699,-0.61499051,1.05481377,0.28133995
-0.29178255,-0.4570363,0.3940387,-0.58512797,2.07422043,-0.67730671,-0.76699518
-0.30191608,-0.47009366,1.52415725,-0.40722449,0.12566226,0.55588529,-0.54681033
0.11982696,-0.076082,0.42035839,0.24881161,-2.50938062,0.47945952,0.77870913
0.10695724,-0.13034056,-0.07052228,-0.33297364,-1.75529106,0.49977614,1.0472256
-0.11701314,-0.3000502,-1.00032346,-0.30661261,0.56859453,0.03206435,0.57357398
-1.42343359,-0.11446762,-1.84318695,-0.0425546,0.34388946,-0.73819331,0.64288704
-0.47200505,-0.15934485,0.17725021,-0.12357545,-0.50540537,-0.70505056,0.11480585
0.24648784,-0.2818798,1.95288756,-0.17184075,-1.20177223,1.41211668,-0.58856359
0.44233132,-0.02058437,-0.97155733,-0.22068164,0.62023696,0.02063781,1.16501767
0.4015871,-0.54814122,-0.30817384,-0.2397721,0.14977437,-0.38062607,-0.67514312
1.08797568,-0.30769156,-1.07074629,-0.20899504,0.43705337,0.31643902,0.5384615
-0.65046018,0.1234445,-1.33959065,-0.1788494,-0.57959835,0.27276035,-0.0394657
-1.13596262,-0.02771203,-2.98830413,-0.06167782,-0.35195909,0.44649677,0.32244443
0.52262006,-0.24761075,0.45359138,-0.2195562,0.04163313,0.54598425,-0.65762648
-1.4856309,-0.22089624,-1.96941778,-0.11522708,-0.18971322,-0.1403936,0.40550485
-0.20265019,-0.05589433,1.0584733,0.04865501,-0.20192892,-0.19834016,0.8040998
-0.59667519,-0.64561506,0.32718866,-0.68322731,0.12719002,-1.05690694,1.56048621
0.79853161,-0.37142685,1.34387856,-0.38316176,-1.32498274,-1.42977069,1.71304118
0.0638085,-0.21457762,-0.85058185,-0.14788476,1.95478856,-0.19961599,-0.64794236
0.0212739,-0.21295961,0.98185577,-0.19833567,0.05977159,-0.34149054,-0.0480035
-0.23361453,-0.19597588,1.45904826,-0.04341412,0.95049145,-0.23143867,0.54280014
-0.73559504,-0.52120969,-0.60973196,-0.46237244,-1.04942635,-0.46438367,0.44325247
0.04200671,-0.46840987,-1.08056697,-0.71655022,-0.44536971,-0.6795005,-0.57867872
-0.06492177,-0.24702612,-1.35540915,-0.14630074,-0.08944854,-0.6881303,-0.12469124
-0.35080973,-0.22151259,-0.42304799,-0.30736037,0.49981144,-0.47290839,1.14775247
-1.42641008,-0.22381459,-0.59339316,-0.13702552,-1.62950974,-0.00354854,0.87403622
-0.4345489,-0.10999533,1.10485664,-0.22982257,0.83639268,-0.77429251,0.4604238
-0.19754385,-0.28413211,-0.87080117,-0.20067569,-1.27988881,1.0138491,0.94429094
-0.43424196,-0.18325547,-0.24279817,-0.03883503,-0.60177257,-0.0503572,-0.24098324
-0.43091862,-0.39475582,0.23264761,-0.41181543,1.08351706,-0.34451235,0.17078048
-0.66657278,-0.54954139,0.70058808,-0.57299861,1.56295438,-1.01194534,1.39646398
0.13842066,-0.27810819,-1.27466826,-0.2919052,1.40852331,-0.994233,-0.54901203
-0.94837506,0.22691711,0.98261729,0.39999591,0.12671346,-0.37764148,-0.0969805
1.9007863,-0.63749981,0.14595199,-0.77168901,-0.6178092,-0.05679176,-0.06727377
0.2208184,-0.64429136,1.14404541,-0.58458139,1.27380431,-0.21679442,0.05067399
-0.05606752,-0.15579812,-0.06457663,0.02160405,1.10966335,-0.73409568,-1.03165809
-0.94310486,-0.32039498,0.54657801,-0.37510272,-1.44273819,0.18153676,0.90085433
0.27895665,-0.29395034,-0.01962919,-0.23787097,-0.15340652,-0.32948228,0.03459983
-0.2950934,-0.15852348,0.54786789,-0.29061402,1.8404919,-1.08600791,-0.75951078
-0.92479117,-0.17727495,1.5378089,0.08486731,0.25412762,-0.75931782,1.648039
-0.00965376,0.20862477,0.32268991,0.39212519,-1.34573667,0.59913688,1.19609902
0.11308328,-0.05223876,-0.716415,-0.2664512,0.03218322,-0.82061708,-0.3547972
-0.15115871,-0.18549334,-1.24994331,-0.35769186,0.63097889,0.32516614,-0.23068468
-1.15789817,-0.13289406,0.62225602,-0.03191094,0.83802582,-0.52735803,0.02548669
1.35354024,-0.118485,0.38990515,0.19312984,2.00521312,-0.49595856,0.24530577
-0.96127202,-0.36487038,0.22613461,-0.53212275,-0.49335329,0.08063409,-0.5623628
-0.67868874,-0.09119509,-0.10246445,-0.13644965,-0.18717224,0.05528606,0.47740013
0.56402709,-0.06908583,1.51116556,0.15600751,-0.35851722,0.06028807,0.33008082
-0.42660376,-0.27017897,-0.74287837,-0.46133874,1.4150555,-0.77212651,-0.53070555
0.27310156,-0.22799994,1.30432721,-0.04976197,0.1998209,-0.09899976,-0.33188158
0.64060621,-0.14602398,1.29787886,-0.15113997,0.78338484,0.20496851,0.84557783
-0.88736897,-0.22317814,-0.68207487,-0.1636624,0.09250037,-0.73951574,-0.1988284
-0.40176874,-0.24700776,1.69041046,-0.26532131,1.03695018,-0.09832005,-0.39760697
-0.07932926,-0.21808522,0.44632354,-0.06813278,0.70668026,-0.96685287,-0.46806047
0.15760221,0.04132235,0.59961919,-0.12904204,-0.05131015,-0.13561619,1.15671934
-1.39900907,-0.56023331,1.49256545,-0.15947214,-0.39648833,-0.64263371,-0.50268227
0.19763234,-0.13600565,-0.784037,-0.37149912,-0.17539746,-1.04168094,-1.77610761
-0.03088598,0.13822996,-0.33987092,0.14630664,0.30539054,1.73103035,-0.01791264
0.41819042,-0.04722977,-0.26697208,0.07103674,0.34989158,-0.22216861,-0.21171635
0.33378238,-0.00921148,-0.91977269,-0.06507852,-0.10138766,-0.05231112,0.3946108
0.03476918,-0.23819782,1.05809751,-0.25831351,0.38903796,-0.1314943,-0.45512901
-0.37208285,-0.28587871,0.54880973,-0.22441166,0.3197069,-0.57235538,0.52715068
-0.33460887,0.0479338,0.39757711,0.10182375,0.97505158,0.28374661,0.72000654
0.17021308,-0.05442507,0.07299749,-0.11928675,-0.740911,0.07035711,-1.7187246
0.63794377,-0.32537865,1.20630646,-0.23067969,0.41371476,0.17183042,-0.41308858
-0.41573917,0.00287177,-1.40483625,0.08994791,-0.44766904,-0.16128588,1.06517821
0.78018491,-0.02841721,1.49390447,0.00202916,0.57152901,0.6743311,-0.2568032
0.94507231,-0.36234378,-0.00619409,-0.22181471,1.15061162,-1.43051505,0.1604491
0.45172465,-0.24131384,0.26039581,-0.35823336,0.37590533,-0.04840882,-0.74936565
-0.35071357,-0.35632491,-0.44732715,-0.16756839,0.30056033,-0.39838252,-0.01787641
-1.60298615,0.18774096,0.17289988,0.19096048,-1.6604364,0.05778149,-0.35000172
0.87164899,-0.34964163,-0.04102549,-0.35282244,0.48727574,1.28723009,0.31347014
0.55630692,-0.23354163,-0.42265445,-0.25732121,0.24902077,0.14963135,-0.19975216
-0.82703794,0.00342593,-0.01444183,0.16699259,-0.49973975,0.21234658,-1.02076202
-0.41225137,-0.05665326,1.10184686,-0.11989479,-0.19416152,0.11756908,0.45073577
0.26347689,-0.16264632,-1.10149684,-0.2991152,-1.04816417,0.2052932,0.91855182
1.04987488,-0.39880787,0.54893987,-0.20561363,0.51403217,0.48857952,-1.59179637
-0.84901588,0.19752727,-0.09693414,0.23829889,0.02929921,0.29409351,0.02655861
0.11469738,-0.19594645,-0.77421646,-0.19295976,0.31243705,0.40844329,-0.16752834
0.65712902,-0.31772863,-1.27942197,-0.29828113,-1.51405864,0.32362607,-0.22054574
-0.5961357,0.04806146,0.26214535,0.10426822,1.5947176,0.52458288,-0.26389699
-0.92545401,-0.36243169,-0.60197653,-0.35428856,-0.6201081,0.25796741,0.20838674
1.69525677,-0.20548593,1.14513813,-0.18090714,0.51457381,-0.27796047,-0.97868163
0.99133299,-0.3250267,-0.48470916,-0.36657967,-0.25719164,0.21740643,0.50307981
-0.40927525,-0.17086344,-0.53802123,-0.06665262,-0.9815139,1.23752585,-0.43997242
-0.04473991,-0.16378041,-0.13608616,-0.03599642,-0.51323925,-0.34068733,-0.18037201
0.66931118,-0.14877907,-1.47332733,-0.15842892,0.28430394,-0.08616661,0.59400444
-1.00103718,-0.13576503,0.03064128,-0.19242635,-0.67746738,0.44079163,0.96445191
0.93323429,-0.19612578,0.50952173,-0.15895785,-0.00669356,-0.45224793,-0.77885473
-0.34005587,-0.18051902,0.0810435,-0.07986877,-0.27556983,0.88828065,-0.17697126
-0.14379847,0.05323895,-2.2483043,-0.10231091,-0.81552654,0.35094939,0.16881052
1.13030709,-0.34713645,0.02866164,-0.13758194,0.44481561,0.00073353,1.8829022
-1.09820869,-0.12608788,-0.21279134,-0.16726411,1.56661222,-0.32367587,-2.0741726
-0.23764189,0.05192606,-0.19026998,-0.04272991,-1.73660705,0.9418323,1.64305456
0.54953858,-0.24628822,-1.11245205,-0.14262045,-1.77413038,0.47482951,-0.34274024
0.15091707,-0.1743851,-0.25236948,-0.28270622,0.6290064,-0.11739034,0.35003051
-0.58102138,-0.12079433,-0.70176603,-0.00608323,-0.79925406,1.39141727,-0.59732129
1.31106978,-0.08567212,-1.00974132,-0.07530459,-0.06718684,-0.5515275,-0.75181264
-0.46385785,-0.20040072,1.12082709,-0.11529323,-0.06363702,-0.00053221,2.53696834
-1.14979,-0.26570486,-0.95402381,-0.21294528,0.1042455,-0.70201623,0.12619344
0.45868455,-0.13763898,0.35165198,-0.21958502,-1.25700901,-0.95985599,-0.43652156
-0.32181056,-0.01282147,0.15449142,-0.05611265,-0.20735543,0.78997253,0.44277415
-0.68828117,-0.29204712,0.21172113,-0.0216751,0.26249442,0.08659597,0.57618053
-0.04877593,-0.19670969,-0.98188789,-0.27614598,-0.30383155,-1.01741495,0.1514003
-0.03507442,-0.14077225,-0.09580666,-0.09463962,0.48401052,0.31235913,0.75267473
0.37392248,0.02810643,0.98888968,-0.10445477,-0.06761256,-0.01128644,-0.80222159
-1.08993125,-0.20789592,-0.92546257,-0.09053129,-1.02869713,-0.28337998,0.98337084
-0.39417618,-0.19529207,0.92884629,-0.21271438,0.37143453,0.00985623,-0.13748653
0.30775571,-0.10070153,-0.48891324,-0.02313925,0.00210993,-0.20026315,0.74637697
-0.70477199,-0.2195505,-0.19163787,-0.41385272,0.16997037,0.33802447,-0.0912782
-0.15980508,-0.10266319,0.01470904,0.07186401,-1.33243925,0.27384819,-0.34100058
-0.79194044,-0.21172761,-1.58604947,-0.26033719,0.97192272,-0.83843109,0.24649084
0.07031371,-0.20331529,0.42805542,-0.06604751,0.46015179,-0.41819175,1.20509436
-0.44420568,-0.15638895,0.84783079,-0.24891838,0.60161468,-0.8964788,-0.05164929
0.29092382,-0.10452434,0.64991353,-0.01962853,-0.15734621,0.19984751,0.37611258
0.10998277,-0.20253108,-1.86173839,-0.16345957,0.46153893,-0.32894482,-1.44416804
0.16298606,-0.04551974,0.47515722,-0.02581016,0.49508928,-0.70241646,1.3903313
-0.70632445,-0.16235505,-0.31805392,-0.21246887,-1.279548,-0.3027983,0.84353276
0.2127115,-0.36019963,-0.2498418,-0.25626055,1.16370282,-0.68602402,-1.31844656
-0.04059901,-0.20902796,-0.59209824,-0.24308524,1.7980581,0.06419562,1.17629852
0.0968865,0.01048958,0.87015918,0.18012312,-1.43111956,-0.79784352,0.56386211
-1.42552917,-0.09477197,0.87185039,-0.26832576,1.37727756,-0.41387702,-0.56815513
-0.36563085,-0.08691511,1.56929558,0.07823409,-1.53578501,-0.80477215,0.49989905
-0.52755468,-0.13408343,-0.46768911,-0.31175514,-0.86729074,0.38574793,2.04719
0.89993198,-0.18215991,1.27260922,-0.07967396,1.56114622,-0.62899929,0.6091024
-0.02250892,-0.00900234,0.11143082,0.11160482,1.51394622,-1.1576675,-1.29195184
-0.25263709,-0.26107977,0.28801079,-0.26865032,1.86209694,0.24298972,-0.52366412
-1.23754842,-0.23852917,-1.14844132,-0.21464243,-2.18481878,-0.45811609,1.20154234
-0.64409918,-0.24148474,1.24524062,-0.13236211,-0.02965099,-0.22450139,-1.01885208
1.38434913,0.00416221,-1.03245616,-0.16592591,1.39162828,-0.18042538,-0.00757776
-0.70773577,-0.25921925,-0.83604306,-0.09485462,1.11622287,-0.13733162,1.48516247
-0.53841913,-0.23465935,2.20758305,-0.17495195,0.07185571,-0.04910542,-0.60660059
-0.19924484,-0.03196255,-1.86024757,-0.11231898,-0.17759314,-0.02983617,-0.89781465
0.13315511,-0.22328787,1.13358751,-0.15068941,0.88261077,-0.76458425,-0.31384838
-0.38233148,-0.20887691,1.29254614,-0.14124128,0.83739612,0.09059369,0.40248839
-0.50821951,-0.15879159,0.81665465,-0.06495655,0.46234178,-0.70040347,0.63506576
0.61334609,-0.29606893,2.02980019,-0.24556611,0.01116822,-0.5871203,0.82841965
-1.44013655,-0.13293051,0.80281935,-0.15781944,-0.73122334,-0.65232409,-0.81659005
0.67539018,-0.28307145,0.61897281,-0.20337051,1.14743372,0.16218099,-1.17272828
0.28300277,-0.04538623,-1.78446124,-0.15329093,0.36166211,0.27096674,-1.55008758
-0.70614418,-0.13058456,0.73772013,-0.15642145,-0.11901265,0.65562095,0.42031005
0.57138103,-0.42349173,0.08542339,-0.27783999,0.76867415,-0.38539459,1.38600617
-0.45390488,-0.19636989,-1.01193675,-0.19623879,-1.37459229,0.0149247,-0.36682898
0.23682884,-0.28258531,0.10931031,-0.13075161,0.75813509,0.2522388,-0.38551636
-0.85919936,-0.05044149,-0.2413451,-0.1579305,1.6754563,0.14386566,-0.52556513
-0.31284582,-0.3350975,-0.09167246,-0.33537869,-0.81566345,0.32551092,0.7580272
0.38401565,-0.25351676,-0.3392129,-0.22408277,0.41024511,-0.5332431,0.00905048
0.88455808,-0.12433903,0.52775311,-0.02625889,0.75494977,-0.1680069,-0.07033185
-0.25561723,-0.14930618,0.36418574,-0.02631601,-0.17163806,-0.03476334,0.45847294
1.87157366,-0.0286951,0.1094164,-0.0974015,0.57114235,-0.80943912,-1.6656305
-0.91219072,-0.2098977,1.30440408,-0.14367261,0.98456507,0.37247296,-0.03773527
0.81327821,-0.27522033,0.12528013,-0.06980243,1.00835902,-0.85750857,0.19518746
-0.47804318,-0.06150721,1.13378643,-0.11929312,-1.40317887,0.45068641,-0.3103404
0.79273257,-0.1321291,-0.401412,-0.17943613,-0.44131692,0.99595945,0.32611882
-0.03592697,-0.1590275,-0.16481946,-0.14141662,0.26920008,0.66373597,-0.028907
0.06299509,-0.25631327,1.08544818,-0.11895822,0.18906523,-0.40647354,-1.14734661
-0.53691052,-0.10703675,-1.44770416,-0.09842711,0.43048776,0.31679169,0.91946462
-1.67525982,-0.22074677,-0.93829337,-0.23986985,-0.88366767,0.41307763,-0.54488736
1.61077966,-0.24588358,-0.37855292,-0.22593411,-0.54286964,0.57461665,-0.53747491
-1.46860635,-0.06691812,-1.0587333,-0.07202543,0.50455788,0.32977947,-0.1711943
1.83642587,-0.17119191,0.04228661,-0.11690838,1.06239325,-0.22029779,-0.07702301
-0.63445259,-0.23731659,-0.16825115,-0.31617201,-1.3629198,1.08471056,-0.91506506
0.0046578,-0.11832633,0.58254999,0.13458438,-0.02118837,-0.05688546,-0.28722832
2.39366341,-0.1628041,-0.07714576,-0.22343828,-0.64963311,0.45462186,0.66442885
-0.4534426,-0.0564036,-0.16797436,-0.05536711,0.26880888,0.32833149,-0.93335525
0.51409462,-0.09336003,0.97758493,0.00700952,-0.61096433,0.04963072,0.07241494
-0.23757899,-0.15822021,-0.62258548,-0.13599661,-0.73966817,0.58424834,1.10555368
-0.74972488,-0.1203943,-1.67756082,-0.16442614,0.21888741,0.46167587,-2.3862845
-0.26170566,-0.05279696,0.31128825,-0.04555286,-1.29746061,0.38684857,0.32689273
-0.64505166,-0.04937205,-0.50207023,-0.17385383,0.97077333,-0.43124607,0.73851338
1.26458547,-0.22506698,1.60988098,0.13920332,-1.13056093,0.55282499,0.68454157
0.84004235,-0.22955739,-0.91953085,-0.32910936,-0.17588274,1.01642903,0.26368359
0.02950511,-0.09953174,-0.80484061,-0.13285247,-0.25033782,-0.8199327,-0.84991893
-0.25641695,-0.14293845,-0.91572489,-0.15933759,0.09387745,0.43340301,0.46606981
-0.07764916,-0.16344626,-1.56379005,-0.1640969,0.71641524,0.01212637,0.47742607
0.17748804,-0.46886769,-1.45461304,-0.30576911,-0.68089828,0.40412806,0.54429204
-0.33132482,-0.18134266,-1.25265864,-0.19094848,-1.40875483,0.53905603,-1.08393141
-0.21674253,-0.10726577,0.61818452,-0.10098905,-0.31713172,0.20788772,-0.11158164
0.19230583,-0.16194157,0.11386629,-0.13850536,0.76149641,0.70530881,0.31765246
-0.49329301,-0.06028449,-3.43905774,-0.12433182,-0.66974785,-0.31909029,-0.06535913
1.36237801,0.04856307,0.69761199,0.07986075,-0.879672,-1.25918397,1.76996261
-0.1309347,-0.03204332,0.65006166,0.04597143,-1.18753156,0.39355731,-0.35895149
-0.68912831,-0.17442065,1.17424976,-0.05893999,0.69409317,-0.56158163,0.44566487
0.24148338,0.04031041,0.78066843,-0.11144963,0.09135057,-0.08712023,-1.17747065
-0.03618622,-0.10409189,-0.87597178,-0.03468647,-0.63695193,-0.00603469,1.46359676
-0.11534181,0.06941149,-0.6576005,0.08187644,-1.01431779,-0.77828734,0.87918652
-0.01297766,-0.34742594,-0.1964976,-0.03333592,1.13702517,0.06838255,-0.54122292
0.49473966,-0.15672156,0.95184297,-0.48336862,-0.68421222,0.18182668,-1.31591668
-1.29008148,0.04105142,0.04373687,0.15860648,-0.39854574,0.30863819,0.83415286
-1.0704783,-0.18972782,-1.03418666,-0.30585099,0.0565918,0.29521094,1.79757967
1.13433584,-0.32055797,0.19179287,-0.1296107,-0.40508731,-0.19250129,0.42190922
-0.53001975,-0.2284687,-1.56407426,-0.35977498,1.36979843,-0.1988694,-1.41888448
-0.84136595,-0.20164119,-0.29914777,-0.09350625,-1.42499246,0.70685522,0.48869454
-1.83835149,-0.17358901,-0.78932362,-0.09081176,1.2057237,-0.76220075,0.7077247
1.95588643,-0.27206953,-0.71278927,-0.40038063,-0.74334703,-0.63628785,1.07375251
-0.69376215,-0.15199927,-0.41044234,-0.18232626,-0.62922989,-0.62681064,-0.38929694
-0.44747889,-0.05558448,0.24439307,-0.00928235,1.71534186,-0.8029129,0.05544126
1.50390817,-0.06319456,1.09145396,0.13169341,-0.84067988,0.41410977,0.09638025
-0.60118977,-0.31381289,-0.98503455,-0.27112232,0.35449699,-0.78319925,0.76451945
-0.23316861,0.16298827,-0.19325262,-0.0692681,0.54392478,-0.54645053,0.27641325
-0.8350361,-0.08727938,-0.28448691,-0.08115035,-0.10782226,-0.31511846,-0.71913369
-0.4435995,-0.14961415,1.96397176,0.16451638,1.08753737,0.4116938,-0.44211947
-0.32812483,-0.28685199,-0.36354105,-0.50303457,0.1702863,-0.98521739,1.10509403
0.17689295,-0.08389161,-0.01966729,0.17212129,-0.57319313,-0.02718226,1.30811898
-0.67151659,-0.26300989,0.02991307,-0.32200538,-0.6834615,-0.41076328,0.39369059
-0.69431712,-0.37160285,0.11005897,-0.41835809,0.37940491,-0.51687316,-0.4002514
0.28602536,0.03136841,1.9511998,0.12513667,-0.46827591,0.03814697,0.62711479
-1.45948169,-0.06497946,-1.1450944,-0.16545923,1.21544826,-0.75156019,-1.09828899
-0.12296268,-0.21177284,-0.15991068,-0.21701253,0.05560848,-0.50526324,1.04829218
0.20246996,-0.18281389,-0.03997871,-0.0830376,0.4849044,0.20216935,-0.71262374
0.53045614,-0.44981349,0.03235463,-0.32809176,0.96656872,0.0955776,-0.905201
0.14526453,-0.16612715,0.23033663,-0.006268,0.23612096,-0.82603915,0.00384506
1.00825627,0.13974096,-0.19599061,0.03030585,-0.29835022,0.46793662,0.10361224
-0.22053303,-0.0414324,0.96643232,0.08938775,0.50512555,-0.27350549,-0.22536306
0.55365775,-0.07485086,-1.98325342,-0.26437653,0.73182969,0.11598088,-0.08768964
-1.71735504,0.01064383,1.18967593,-0.02981596,0.09544576,0.22714188,1.09734654
0.71762583,-0.00992144,1.76254204,0.23669807,0.8838084,-0.98095221,-1.22208249
-0.29245915,-0.14974295,0.7843045,-0.09673706,1.5704693,0.16237057,0.11580714
-1.26396179,-0.02895944,1.21179672,-0.13271446,-0.08612278,-0.39915217,0.63182904
1.27605256,-0.1281116,1.84719578,0.20241694,-0.25452111,0.01387818,0.93837676
-0.71323977,-0.23303969,-1.34854904,-0.40100384,0.56044291,-0.09504398,0.10632188
0.20595695,-0.14024066,-0.99918416,-0.09057399,-0.06203162,0.55148222,-2.28540044
-0.96714409,-0.1361338,-0.01029784,-0.23341589,1.51420473,-0.11171039,-0.43738574
0.47548109,-0.12502695,1.86070736,0.27323894,-0.61042901,0.31232314,0.81828893
-0.77883483,-0.03375468,-1.081908,-0.55689373,-0.1170456,0.45363317,1.02809083
0.1373892,-0.20111089,1.03717022,0.00872119,-0.16006351,0.1024427,-0.22696005
0.17980262,-0.39390667,1.50681299,-0.05277551,1.17886111,-0.38245005,0.07100648
-0.06123444,-0.31252875,-0.8717749,-0.25520452,0.29207537,0.4602879,-0.58058426
1.57987052,-0.14992134,-0.99889432,-0.4542122,0.07674414,-0.91296592,0.03805644
-0.91718207,-0.00692006,2.21146848,0.18190628,-0.77959846,-0.42746883,-0.65211631
0.30805958,-0.34069838,0.31082972,-0.31882868,0.00573697,-0.21437939,1.34445536
0.6447641,0.25781692,0.32504858,0.45073431,-0.87271391,-0.48680702,-0.96892582
0.19512596,0.05023885,-1.48199519,-0.16076245,1.45369547,-0.96394107,-1.36121728
-0.88185653,0.32155091,0.41192965,0.3497358,-0.11967587,-0.54852214,-0.32932271
0.67418861,0.42126225,-0.00234817,0.46393786,-1.21535769,0.83068974,-0.74639381
0.452637,-0.24331927,-0.85948096,-0.22131485,-0.26994333,0.85993402,-0.51752142
0.18743802,-0.16771705,1.1692008,-0.26153698,0.54832621,0.50796588,-0.60400967
0.76809649,-0.18300186,0.72421111,0.02491097,-0.02082605,0.07899078,0.49042638
-0.00235898,-0.12885687,-0.45278036,0.08147153,0.32410884,-0.41539371,-0.63329439
-0.23237466,-0.02959448,0.52861405,-0.19064209,-0.14413934,0.05334749,-1.30091029
-0.93589951,-0.23622401,-1.28802558,-0.23948432,1.04132383,0.67005496,1.33961969
-0.7386186,-0.15102262,0.91598888,-0.0658331,-0.47300161,-0.24613828,-0.48159226
0.25748201,-0.15049734,-0.35186083,-0.31702986,0.18398022,0.20912171,-0.18487616
1.85585896,-0.53313014,-0.87846718,-0.28271944,-0.08461525,0.36773341,0.66679648
0.49497654,-0.31029905,-1.50741378,-0.397252,-0.24341056,0.12831556,-2.12377514
-0.59964174,0.03496476,0.43280893,0.16315073,-0.50268259,0.73289321,0.33287414
1.32289954,-0.02690949,0.81291949,0.24202299,0.83003489,-0.33722684,1.57044915
0.35386237,0.13081911,0.889543,-0.17497632,0.58096346,0.39612189,-0.73838696
-0.0093803,-0.41473679,-0.73239224,-0.19274045,-1.70649474,1.6252282,-0.40269841
-1.57812574,-0.37069441,0.36344546,-0.36256689,0.00100791,0.20262416,0.23970159
1.22449345,-0.10177196,-0.6098811,-0.2365521,0.12245924,0.77938812,0.26215051
0.35475858,-0.14932026,-1.1169106,-0.03851571,-0.69666565,0.06169582,0.16003936
-0.09765544,-0.14201046,1.04952461,0.03337439,-0.44037547,0.38842022,1.66562005
0.02165284,-0.36183748,-1.82417591,-0.45961865,-0.61055287,0.91842804,0.21829044
-0.05329337,-0.27048035,-0.48796975,-0.21483933,0.40513371,0.23570429,-0.77828791
0.31487169,-0.33027739,-0.7519063,-0.39476719,-0.12583731,0.42854623,-0.70563855
-1.07808138,-0.29866544,-0.35001191,-0.27723116,0.59469594,0.53901155,0.29244289
-0.45304002,-0.4063006,-1.76772023,-0.20790612,-1.16619269,0.71119405,0.77456423
0.76075027,-0.02682534,-0.81033413,-0.33007396,0.58364993,0.77658528,0.88331163
-0.01322642,-0.19628726,-1.85249172,-0.12008138,-0.89913696,0.94272932,0.02062621
0.26230162,-0.06990263,-1.73907832,-0.00790368,-0.76440251,-0.70588661,-0.16174806
0.43733738,-0.14490576,-0.19460704,-0.12669397,-0.09492586,1.01296069,0.08653625
1.302763,-0.33565741,0.34306132,-0.28752187,0.80225215,-0.17892904,0.45110292
-0.91859001,0.03110792,-0.1898281,-0.0606032,-0.20077364,-0.80061587,0.04180179
-0.04778671,-0.38557705,0.64714198,0.12594136,-0.33025887,0.90788622,0.16696923
-1.01408295,-0.31235253,-0.24152994,-0.64407816,-0.23263212,-0.51998445,-0.10222356
0.42274685,-0.14908529,0.31320895,-0.31955311,-0.36531973,0.04754417,0.77137675
-0.73112447,-0.21723235,-0.53085161,0.03356069,-0.75754716,-0.23193408,-1.1994119
1.72101135,0.16381094,-0.05609427,0.57942393,0.01246487,-0.72182047,-0.85066879
-0.31211114,-0.42236322,0.29878886,-0.90957613,0.88864762,1.79100023,0.77704007
-0.90658047,-0.80427587,-0.3039215,-0.74750339,-0.17476854,0.34885818,1.40737256
-0.62135376,-0.32712198,-0.56884787,-0.25248608,-0.19185395,-0.39849884,0.88500905
-0.73269442,-0.36525732,-2.13371511,-0.34234196,-0.06024909,0.52087535,-0.47705009
-0.29613719,-0.50025441,-1.4175227,-0.37659233,-0.8822685,0.1651458,1.53885823
-0.19943905,0.04097058,-0.61840235,-0.07183862,-0.73162486,0.28304625,-0.75881281
-1.12202753,-0.44682515,-1.09103235,-0.44523404,0.02763952,-0.09197516,0.25190172
0.38801908,-0.75209398,-1.51847883,-0.77735809,-0.1144783,-0.8643657,0.42904103
0.0777788,-0.74443069,1.43069073,-0.76334859,0.93130272,-0.87143568,-0.48079498
-0.19842638,-0.43898995,0.57238623,-0.43997272,-0.83572018,-0.26630638,-0.59190709
-0.4955238,-0.31058273,0.89758463,0.03199955,0.18850601,0.08419683,1.11728381
-0.7902237,-0.28854576,-1.14811829,-0.46349542,-0.37310454,-1.56823656,0.31747326
-1.34277599,-0.26946979,0.74204275,-0.36871109,0.52036357,-0.08143545,0.17793547
1.68537104,0.04819293,-0.66860572,0.28949471,0.50753087,-1.34651449,-0.45874097
0.43132172,-0.38134306,0.60235563,-0.33541677,-0.45848135,-0.71079705,0.08942819
-1.2333056,-0.11710314,-0.05038505,-0.1980953,-0.21529128,-0.81700158,0.24622673
0.36873642,-0.18436681,-0.89938999,-0.44355204,0.24790941,-1.4043104,0.26136812
0.09611112,-0.50033957,0.60525494,-0.17584377,0.68022727,-1.28294277,1.81535921
0.56052874,-0.23681176,-0.03839194,-0.18950883,-1.41691066,-1.21297232,-0.07013746
0.10669858,-0.37976406,0.34839194,-0.3876611,1.20448126,-1.38357329,-0.65538395
-0.55681284,0.030765,1.10278658,0.31536619,1.18123572,-1.00683864,-0.43807946
-2.05544609,0.06144601,0.56112418,-0.30030386,0.74394897,-1.02476389,-1.05572641
0.9712962,-0.23034286,1.00673305,0.06976658,-1.10410407,-0.62515737,-0.19169113
0.19585311,-0.63696176,0.64619524,-0.47992671,-0.06575178,-0.13751374,1.89788578
0.60638863,-0.14911321,0.25097093,-0.44987687,0.05527273,-0.45913644,-0.49781396
0.97242228,-0.03060659,1.0378479,0.12890993,1.06882515,-1.00209793,-1.10074684
-1.04330064,-0.07524637,0.85230809,0.0080936,-0.63507108,-0.2679515,0.11611282
0.74433658,0.28079866,0.19976836,0.03932192,-0.52794734,0.05908182,-0.67229622
-1.27638185,0.34784249,0.95220611,0.81667759,-1.97602398,-1.23458687,-0.53359565
0.0903367,0.65551317,1.17457067,0.67613066,1.48144769,0.25168708,-0.2612528
1.4838659,0.52357739,2.21770412,0.42515424,-0.28956068,-0.34738156,0.74707241
-0.9287849,0.23101489,0.96169426,0.16780985,-1.43520881,-0.81051038,-0.31471454
0.81956052,0.92909134,2.05463417,0.93841039,-0.55166226,-0.72795503,0.00653785
-0.25999213,0.68272305,0.1749469,0.87538065,0.25066545,-0.53246919,-2.4816159
0.63658665,0.5219589,2.34396636,0.46610179,-0.85046238,0.93481414,-1.83023965
-0.16369923,0.56851165,0.40152273,0.67863175,0.04416529,-0.11359276,0.28273039
1.22903128,0.86093322,-0.19564228,0.98802171,-0.21811741,-1.4738668,-0.19206712
0.28110817,0.88423916,1.41034882,0.79505793,-1.35550082,0.66026536,0.17236564
0.83157428,1.10120909,2.28553394,0.78353336,-1.66141602,-0.84172294,-2.11786614
0.64247354,3.29023515,4.42101385,2.77973488,-1.02240225,-1.16723052,-1.23769205
9.6353731,17.12391619,6.54119821,18.63730676,-3.64346137,-6.59416236,-1.90961703
0.88833739,0.66916501,-5.9440362,-0.04638421,6.92571507,19.0819218,-0.02261151
-1.89488731,4.22520467,-0.82762824,2.56090811,6.12021161,6.65050372,2.24372429
-2.75210427,2.6347844,0.22866381,0.80760881,2.94631326,1.12277664,1.80182471
-5.00186856,1.62736029,-2.17251734,0.07448614,3.74406011,0.2137999,5.19967622
-1.33155804,0.77532812,-1.68490357,-0.9420097,0.64981899,-1.18132327,2.63867549
-2.2082235,1.09507558,-0.95218778,-0.63412679,0.5203628,-0.62804085,-0.09365622
-0.94258894,-0.14391496,-1.30549287,-1.65271596,-0.65311654,0.76534395,-1.57768303
-0.42873837,-0.73884194,0.99498383,-0.62820127,0.37778288,-0.44683737,-0.78187557
0.60148509,-0.77390973,-0.74262086,-1.16981193,0.05541799,-1.41573096,-1.29910683
-0.76823645,-0.80258415,-0.74107624,-0.67901587,-1.07693342,-0.35173998,-0.84820807
-1.39466324,-0.33090934,-0.19276904,-0.55828175,-0.47288265,-0.32490253,-1.05043484
0.44844903,0.09245629,0.15538092,0.66677797,-0.10181691,-0.87148752,-0.4989906
-0.67891143,-0.13602834,-1.19661678,-0.53773986,-0.29246742,-0.34035099,0.11064811
1.12045451,-0.36080269,-0.16269129,0.09436189,0.34119809,-0.38609444,-0.84835308
-0.27343188,0.05310294,-0.09665542,0.00066163,-1.27618669,-1.33028457,1.51451641
1.78282412,1.61968724,-0.48554392,1.36231738,-1.9248607,-0.83404018,-0.42293097
0.26737538,0.4296951,1.65031511,0.61017249,0.73482624,-0.1762193,-1.42496702
-0.60852411,-0.81102232,-1.56054604,-0.66865894,1.29258038,0.14898386,2.80650458
-0.74274008,0.17989204,-1.06100089,-0.12869493,-0.24172702,-0.772945,-1.98697411
-0.88402958,0.14802043,-0.17011564,0.23922018,-2.28079003,-0.05467021,0.03357973
1.11600426,0.1983551,-0.00661951,0.48542505,-1.01914807,-0.73003647,-0.15417627
0.18013785,-0.05285286,0.97546934,-0.30172274,1.62511196,0.32181813,-0.33735417
1.67954947,-0.19982394,1.60179529,0.13621622,-0.73795364,-1.17394341,-1.51456151
1.81334751,0.42635549,0.9587147,0.51146069,-1.14705067,-0.7526912,1.97686936
0.49409094,0.34252484,-0.21153299,0.11831737,-1.47058257,-0.32213636,-1.16132239
1.47712055,0.40536456,0.88277673,0.55331314,-3.06268426,-0.60860726,-2.50299886
-0.22981828,0.9845785,0.36574836,0.85052819,-1.62609559,0.38642135,-2.71490086
-0.28482208,0.5248328,0.5432845,0.72784723,-0.89597206,0.31467749,-0.04671421
1.38132207,0.41999414,0.21492733,0.46994887,-1.82764195,0.79917703,-0.39933411
0.71345387,0.4242405,1.14154024,0.68509399,0.67308838,0.16210362,-0.60341512
-0.05576016,0.36874078,0.17494839,0.29847681,-1.60917218,0.06407531,0.21341283
0.60508709,0.54442282,0.26398029,0.18104776,-0.00756632,0.55784029,-0.20934662
0.72287713,1.12073178,1.81752315,1.44190652,-1.2243974,-0.07102523,1.03678183
-0.29672669,1.43005445,-0.4639327,1.37506435,0.60528092,0.12701662,0.24327881
0.40425447,1.08251368,-1.35280314,1.01267178,-0.42128553,-0.07555444,0.89988669
0.06251969,0.05841291,-0.52828795,0.26626734,1.54982445,0.94564683,1.23783044
-0.74485435,-0.66289782,0.03304853,-0.48641588,-0.81286339,-0.42817046,1.54356705
2.63800762,1.04139024,-1.22676344,0.98020246,0.65282832,-1.25696911,0.62516455
0.38231792,0.6190788,1.39217157,0.54182722,-1.75557484,-0.40301228,1.65761936
0.95230641,1.17666343,-0.22351949,0.92044624,-0.28341881,-0.53961629,0.16321193
0.93044572,0.9262843,-0.19443682,1.21367071,-0.33206206,0.93320634,-1.37300557
-0.02482842,0.47928975,1.12251609,0.83312507,0.08050817,0.44580439,-0.43672186
-0.39099939,0.22739435,1.02022969,0.08114887,1.48140587,1.11675324,1.57168447
-0.48539389,-0.16585991,0.67578984,-0.43452525,0.80592323,0.5978105,0.32832933
-1.66896288,-0.04105619,-1.12111356,0.19449491,-0.27788423,0.42741296,0.12880341
0.0885712,0.46365627,1.15758081,0.40976211,0.41711217,0.67379427,0.1918178
0.49529005,0.03034194,-0.0999179,0.03936823,-0.08522463,1.43899709,0.16152248
0.05797297,0.50064166,0.80791011,0.64462176,-0.40214207,-0.10970076,-1.31882267
0.88267209,-0.04639498,0.22354707,-0.0270806,-0.03683379,1.0236466,-0.3839842
0.43556381,0.07575453,1.07635558,0.16904501,-0.21030178,0.14340873,0.32540927
-1.31015831,0.18953136,-0.9444363,-0.18805463,-1.15416917,0.2372913,0.23266544
-0.12654916,-0.15477864,0.0408028,0.03744487,2.0723667,1.05127353,-1.06053568
-0.14004758,-0.25176711,-1.13402018,0.08027559,-0.83828387,-0.41105719,0.28617977
-0.74004097,0.11810093,0.33936849,0.13172578,-0.1120669,0.66266393,-0.31054257
-0.83225458,0.04019492,-0.03248755,-0.2292264,1.23903297,0.53683204,0.44795198
0.07996417,0.08449142,1.22965604,-0.0067488,-0.13485831,0.02216413,1.88547992
1.55552996,-0.08186738,-0.00735439,0.15171716,1.81694509,0.21241627,0.39737687
-1.62254534,0.23258157,-0.45660409,-1.54772207,1.45989285,0.14614927,1.32298331
-1.48609405,0.29658545,-1.05582484,-0.01840328,-1.2265434,-1.41436254,0.64111328
0.17479572,-0.00563516,-0.69455962,0.15248917,0.7177574,-0.78927694,2.34489235
-0.75231759,-0.21695636,0.1475483,0.06653341,0.22313021,-0.61919672,1.69475052
-1.10625075,-0.19422482,-0.21618126,-0.58237541,2.26233909,0.15712997,-1.51057484
0.92301835,-0.01038289,0.28683875,0.08587146,1.96078418,-1.23916592,0.01426249
0.5814111,-0.11103064,1.67957972,0.48457492,0.50972179,0.08540552,0.81024757
0.13603374,-0.2996243,1.33655106,-0.44896325,1.02838762,-0.58726967,0.44740282
-0.81020436,-0.27405457,0.28524636,-0.5553419,-0.12111367,-0.00206497,0.09996255
-0.21648284,-0.29521398,0.51826403,-0.19174411,0.38587078,-0.10876422,-0.73966498
-0.65042778,0.08577943,0.8764454,0.11635053,0.7037258,-0.47906662,-0.41987924
-0.23553167,-0.15730798,1.96739481,-0.20425356,0.1399196,-0.05659144,0.03180825
1.04481523,-0.08720046,-0.60697987,-0.20850784,-0.03256969,-0.37922717,-0.05929634
-0.17493049,-0.129165,0.6314048,0.31522583,0.20486042,-1.40976791,-0.16131069
0.63339018,-0.7152438,0.00790485,-0.44112953,1.69857159,0.40738872,0.4982467
0.16925154,-0.87442207,-0.77335533,-1.20518181,0.26275926,-0.37756225,-1.7027476
-0.61371568,-0.78159962,-0.05983047,-1.14022468,-0.94599134,-0.78060493,-1.76386802
-0.35299031,0.46125157,-0.26270199,0.84690221,-0.08256976,0.50301576,0.04662529
1.90033328,0.00890906,0.98991914,0.24204564,0.17189969,-0.45327369,0.04410503
-0.78299812,-0.81962527,-0.44876026,-1.37936905,0.79083908,-0.41765018,0.28771573
-0.43273898,-0.03148166,0.151091,0.38545118,-1.59470774,-1.18058971,0.07877171
-0.48861077,1.13541794,-2.86787819,0.99170778,-0.09596784,1.31775358,-0.62229046
0.75541988,-0.44883503,-0.98870384,-1.2300786,1.84793316,0.10233725,0.6338805
-1.59258011,-0.527663,-0.32369349,-1.42604107,0.3142396,0.55014653,-0.04709398
-0.49129722,-0.81618835,-0.5764507,-0.69547671,0.21256117,-0.31029764,-0.46395311
-0.39565523,-0.76778564,0.96892675,-0.32348943,0.54588246,-0.68031131,0.91131404
-0.38306399,0.09552109,-0.13416083,-0.09615752,0.31457466,-0.90002173,-0.03659436
0.09476684,-0.22713632,-0.14445899,-0.4197785,-1.26487163,-0.41849255,-0.43145596
2.05165973,-0.27849935,0.16809877,-0.23797613,0.20873749,0.38823545,0.00049574
1.06798615,-0.23322494,0.40971833,0.07296424,1.70512627,0.21839706,-0.1152035
1.06673303,-0.74891964,0.67099413,-0.53612573,0.39796792,-1.4846147,-0.6444966
0.87770831,-0.68039939,0.27522578,-0.81716278,0.31300984,0.86695156,0.64499995
-0.37271898,-0.42920941,-0.08151573,-0.36025708,-1.943108,0.48600542,-1.2094357
0.09294058,0.09522627,0.98732942,0.09298964,0.76809636,0.97807635,-1.07442646
-0.20736958,-0.27865518,-1.2748347,-0.22781579,-0.4226457,0.27752165,0.12717343
-0.2316927,-0.48083367,0.130164,-0.37527031,-0.96917969,0.61563531,-0.85603004
0.08239093,-0.24708027,1.5546453,-0.26526993,-0.80775662,0.58016329,0.26960626
-0.45986645,-0.2247586,-1.34805372,-0.33620442,-0.37923663,0.40786081,-1.44609743
2.37520365,-0.22258872,-1.12032444,0.03742655,0.17400432,0.708495,-0.99607164
1.35775414,0.09969614,-1.06761996,-0.05798021,-0.38761466,-0.10436377,1.63628514
-0.06637227,-0.34049749,0.05883736,0.08929825,-1.50013213,0.95069809,-1.47483197
0.5152782,0.79608006,-1.02703432,0.7326736,-0.26400025,-0.46314067,-0.77601891
0.06432608,-0.17219908,-1.43263081,-0.53155449,-0.21785742,2.13057086,-0.95954796
-0.20801197,-0.41512541,-1.10454188,-0.12920598,2.22784456,0.57723917,-1.76004924
-0.79422392,-0.41877746,1.18010757,-0.41019207,-1.53015521,0.65309452,-0.9258638
0.42840679,0.21266421,-0.96933892,-0.01796155,-0.2990798,0.15515447,1.27906306
-0.65376226,-0.37101569,-0.07046124,-0.43787713,-2.2994514,0.83069236,1.87611236
1.48764036,-0.35437735,-2.39703988,0.10821671,1.11097446,0.02033565,0.12563866
-0.24048276,0.11408453,-1.12902151,-0.18651658,-0.88037268,0.26907601,-0.53849346
0.46940424,-0.25370096,1.32765007,0.18448537,-0.90401671,-0.48375172,0.32211117
-2.11584749,0.24489089,-0.57709403,-0.30302036,-0.04817944,0.72651637,0.66467096
0.275191,0.55082652,-0.81519052,0.733199,0.37547029,0.27291139,1.23300161
-0.00077714,0.08903004,-0.94524878,0.19342045,0.21306204,0.01012777,-1.55748652
0.02143653,-0.1967827,-0.41075116,-0.17704777,-0.23864133,0.18198278,0.2223911
0.74538136,-0.58336281,-0.09793039,-0.6213437,-1.20936388,0.20807207,0.49458863
0.76410631,0.48687225,-0.81231722,0.81587602,0.16929915,0.31841462,-0.88198201
0.07290472,0.04841427,-1.85154517,-0.34231416,-0.99007886,0.05820763,0.1105723
-0.24962309,0.15209021,0.15108214,0.26066204,-0.54286418,-0.28819966,-0.33160809
0.33549004,0.27968748,-0.5787235,0.40672918,-0.02944603,0.17185559,0.808044
-0.73385734,0.30275553,1.10696836,0.79256073,-0.73980164,-0.47025195,0.05565036
0.30944367,0.26208519,-0.63234049,-0.10394503,-0.74267095,-0.29882432,-0.39937241
-0.58174888,0.08545996,0.69908308,-0.06253251,-0.70268156,-0.65872271,0.53416266
0.52152361,-0.00059485,0.43297623,0.21537242,0.32048624,-0.29551731,0.05872859
1.60752402,0.29014189,-0.71923437,0.31325211,-1.44625593,-0.77081124,0.54673321
-0.23546595,0.07481758,1.15199572,0.11891527,0.32209335,-0.61693464,-1.95569561
-0.63429227,0.04560912,0.08048846,0.22235436,-0.50669742,-0.31190785,1.06186835
0.69511624,0.28032466,-1.30335015,0.01895853,-0.61899431,0.36681876,0.56565264
0.16090781,0.27660514,-1.91045771,0.67052728,0.70171073,-0.70083515,0.46493301
-2.04069264,-0.54695405,1.09031873,-0.85469638,-0.37768107,0.92167865,1.00535373
-1.1573282,-0.2398943,0.02651755,-0.18675203,0.82260908,-0.60187672,0.01656692
-0.84896712,0.21851082,-1.32714037,0.33351515,-0.54880322,-0.37913647,-1.15663921
-0.24701098,-0.16527808,1.2419719,0.05003289,-0.89700425,0.79458485,0.42635308
-0.11887582,0.28963493,0.11304686,-0.02804286,-0.14234179,-0.60118873,-0.95427972
0.47534011,-0.1178905,-0.97252751,-0.02062139,0.29136401,-0.22878152,0.89615889
0.36579748,-0.23870064,-0.0881665,-0.14269216,1.14468563,-0.26651279,0.84820144
-1.79560821,-0.4500403,0.42979209,-0.57967283,-0.8815057,-0.20900051,-0.43595068
-0.66105191,-0.16265197,1.40697333,0.11716972,0.19459094,-0.41801532,0.8121997
1.1224925,-0.08565555,-0.49687492,-0.01827933,0.59266791,-0.06555252,-0.0791818
-0.58567248,-0.01716016,-0.42620021,-0.06901994,1.0706034,-0.51891118,0.74851177
-0.10661561,0.18048711,0.38636225,0.04356119,0.27687557,0.42984764,0.11579324
-0.1214628,-0.208634,0.05996023,-0.48485882,-0.29197563,0.31811616,0.89756561
-0.69621347,-0.39229574,1.20527586,0.03181565,0.79340138,0.11807816,0.57625637
-0.38136558,-0.18062908,-0.60363891,-1.57841438,0.08613176,0.20588537,-0.18211514
-0.59134862,-0.17850894,0.55709145,-0.00746838,0.82757957,-0.92099289,1.82060952
-2.0076578,0.32042655,-0.18539453,0.30158278,-1.90264138,-1.42017223,-1.0093276
0.43484179,0.34336633,0.73654241,0.27378248,-0.81153519,0.11420529,-0.25804217
-0.09375047,0.419082,0.07722387,0.412854,1.31163173,0.08129977,-0.36010493
-0.15703688,0.02515794,0.07229569,-0.08003077,1.6578532,-0.05172396,0.52219736
0.92551887,0.05184961,1.88080137,0.18595399,0.3110612,-0.23644983,-1.19940429
0.34975737,-0.38816112,0.83896032,0.01085525,-0.55514168,0.43950327,0.22522923
-0.57196432,-0.01095947,0.83333127,-0.1905103,0.41581397,-0.18918021,0.67631676
0.20453415,-0.41912823,0.92050279,-0.45080493,0.95102025,1.26755393,-1.43566299
0.26963151,-0.49486199,0.42633049,-0.53277943,1.881906,-0.08801623,-0.01439846
0.24422449,-0.02514847,0.23260696,0.41368413,-0.88224976,0.29491929,0.72914842
-0.60683058,-0.36209395,-0.53383183,-0.83616396,1.13447569,-0.14617285,1.16024203
-0.43296609,-0.37310406,0.41903393,-0.21615379,1.09497477,0.03890868,-1.17388094
1.30670976,0.04402443,0.91722635,0.15796191,0.5475633,-0.93236739,0.10397055
0.56911876,-0.42791131,-0.06629443,-0.11167907,0.6830025,0.16782316,0.57709171
-0.40446773,-0.59413534,-1.14311718,-0.97271146,0.77167444,0.71741368,0.67919559
-1.16007806,-0.45817084,0.49879422,-0.45980893,-0.99101584,0.09665502,-2.06658483
-0.04903447,-0.60716876,0.95332151,-0.21520749,-0.40815059,0.19616241,0.32957314
-0.17545111,-0.20694228,0.65556801,-0.14387206,0.76276917,-0.13888553,-0.53019947
-0.05141187,-0.15387694,-0.11000091,-0.55748545,0.72709147,0.37261518,1.5497905
0.56923718,-0.51040212,-0.85899183,-0.42228805,-0.42393983,-0.55265709,-0.4464687
-0.67011839,-0.0537714,0.73556747,0.3463836,-0.90557814,0.07121231,-0.35928227
0.55969803,-0.63655116,-0.30208928,-0.68052852,1.89680906,0.49614923,-0.40192358
-0.72712677,-0.86767743,0.64930879,-1.10919858,-0.68773768,-0.54998422,-1.11988565
-1.31544564,0.0194447,0.93818585,0.1429725,0.09007964,-0.02283597,0.61627312
0.86444037,-0.12146202,-1.80000451,0.0468365,-0.98871645,-0.38915006,-0.41023115
-0.8812616,-0.09235845,0.24929528,-0.05837862,0.45684858,-0.6040555,0.40651632
0.66998063,-0.24415642,-0.49351593,-0.37024049,0.03007243,0.03591399,-1.35942647
1.55261921,-0.27275464,1.17843021,0.10445031,0.45367742,-0.4172988,0.50605545
1.04958988,-0.40125852,-0.32590754,-0.43155318,0.93440135,-0.39481547,-0.90719997
0.60568552,-0.34374479,0.36526236,-0.30064973,-2.11543538,0.26685771,-0.82964936
-0.4246133,0.02510468,-0.2384392,-0.272741,-0.10272185,-0.06040322,-0.31929774
0.57571415,0.00054836,0.23865681,0.31220401,1.48895661,0.05879411,-0.48909699
-0.75051282,-0.44979561,-0.75528922,-0.39042519,-0.57825339,-0.13996455,-0.99439831
1.44279589,-0.19069844,-0.24421938,-0.14386563,0.06846748,-0.08264944,1.20646411
-0.83974056,0.05592425,0.67749987,-0.10650818,-1.13746538,0.59003105,-1.72582307
0.81314868,-0.21473386,-0.79270727,-0.18314593,-1.56560968,0.6719021,-1.13299029
1.04311521,-0.02844494,0.15661569,0.27772364,1.55976091,-0.61212559,0.48152521
0.8455894,0.10326983,-2.34609834,-0.24108908,0.83819612,-0.15756438,1.34773622
-0.59505427,-0.26297986,-0.56491061,0.00655415,-0.15694117,0.91053423,-1.40578434
2.20641088,1.24710133,0.24472595,1.32057282,-1.05246525,-0.50576241,-1.04956978
-0.05177925,-0.09830345,-0.06332056,-0.01790079,0.58102675,1.27036271,-0.08242037
0.03822977,-0.6853664,-1.00192588,-0.68193169,0.37824842,1.07430258,-0.53228154
0.28676251,-0.06164898,0.05046378,-0.27178263,-0.67274931,0.00424559,-0.75034448
-0.30598466,-0.26427277,-1.23829598,-0.09460694,-1.89041704,0.97478645,0.70240151
2.07386459,-0.6290513,-1.94503182,-0.81438536,-0.48148066,-0.14880078,1.56048254
-0.88504276,-0.24191503,-0.62925894,-0.19593679,1.7472354,1.16543168,-0.57523155
-0.1582746,-0.1676827,0.98317232,0.14482733,-1.28599126,-0.72107698,1.31785851
-0.77882143,-0.10343352,0.19644494,-0.18785235,-0.16464226,0.53920455,0.26741514
-0.35624386,-0.249087,0.09488452,-0.32416537,-0.32811052,0.10312286,-1.18298445
-0.83635624,0.30278742,-0.37221367,0.29665423,-1.53873195,-0.07620623,1.06552688
0.36466398,0.04692252,-2.11758523,0.23327671,0.43450754,0.8334357,-0.35353749
-0.02287275,-0.19048589,-0.01306934,-0.05448873,-0.15893137,0.06702789,-0.46005679
0.04790549,-0.31819742,0.06402724,-0.64350928,-1.34250032,1.15460259,1.05257281
0.78199677,-0.21921386,-1.2360959,-0.21785938,-1.05426623,0.40526466,1.031578
0.33042178,-0.04235531,-1.37606694,0.21323779,-0.7597123,0.63164557,-1.99735666
-0.32114247,0.29595908,0.42835239,0.40180168,0.21880504,-0.02341644,0.64464148
0.44579479,-0.51809546,-1.02571079,-0.6081705,-1.04745899,0.11601632,1.37011513
-0.28600615,0.40998105,0.32138181,0.50943424,-0.61278142,-0.93251306,-0.27629416
0.11069401,0.70373178,-0.68217021,0.76246297,0.16685881,0.65033902,0.87651577
-0.0761977,-0.46127266,0.41278835,-0.48419875,0.1808027,-0.18938794,-1.24355948
-1.10069738,-0.16627006,0.99504073,-0.26849445,0.73349591,0.35037407,0.42085989
1.14880146,0.06565151,-0.19902746,0.3826998,-1.43570238,0.09160783,0.04969752
-0.21436339,0.41719976,-1.17493027,0.34534013,-0.91706527,-0.1259723,-1.04773496
-0.51597774,0.3992845,-0.4184466,0.41809206,-0.10505353,-0.2181988,-0.61729267
-0.00382293,-0.06970852,0.29399732,-0.16268093,1.02914093,0.30225124,2.07533037
-0.58294038,-0.19805204,1.04177635,0.01727622,-0.4574484,-0.1598394,0.25309685
1.01417166,-0.10819541,0.31199498,-0.06378592,0.13891273,-0.00329837,0.0895352
-1.16917031,-0.35566149,-0.48365795,-0.40405343,-0.94470468,-0.09022533,0.18494325
-0.85711235,0.11631871,-0.38161465,0.02505518,-0.31868735,0.32505721,-0.59221017
0.20995086,0.34105779,-1.47655307,0.36002722,0.53863,-0.44271574,-0.30099213
-0.7274957,0.08059883,-0.13752178,0.21635102,-0.27980095,0.3216448,0.98375292
0.51172777,-0.18956343,0.16301639,-0.06906693,2.00635835,-0.4916277,1.13804984
-1.68825611,-0.40613991,1.07366274,-0.76247648,-0.18880833,0.31663889,0.17285244
-0.32875651,0.08564333,-1.11253878,0.29890147,-1.95509716,-0.83460683,-1.02812019
0.50535288,0.15235226,0.32501458,0.20761428,0.23715699,-0.51120974,-1.1682317
-0.51286666,-0.07744611,0.21110464,0.11875292,1.59394871,-0.06636707,2.21674794
0.26627771,-0.30718001,1.1151038,-0.46381862,0.57551913,-0.44850564,1.23597491
0.44941461,0.11818178,0.65889826,0.33210876,-0.23424817,-1.02139448,-1.59020487
-0.11393155,-0.08121317,0.07296526,-0.25105003,-0.25543205,0.41682202,0.09438568
-1.50898405,-0.68352524,1.10273375,-0.56345103,2.22434318,-0.78158435,0.95152868
-1.30989348,0.09528198,-1.81396642,-1.10313012,-1.11499589,0.2571764,0.02105666
0.28050545,0.34679461,0.24612128,0.72064961,-0.68054781,-1.85717443,0.14621233
-1.03389072,0.38444256,1.21927852,0.47033278,-0.18499301,-1.23779882,1.74373052
0.12299102,0.38561016,-0.12439928,0.1667113,0.40483689,-0.86696425,-0.40757265
0.94345725,0.00586026,1.98995544,0.46491568,0.16587915,0.55761096,-1.96349195
-0.25492821,0.07243106,-0.23651384,-0.04617506,2.33883085,-0.70794444,0.41535874
-0.16039667,0.0048078,-0.0682191,0.00492468,-0.38154229,-0.27876513,0.52682015
-0.25912079,-0.01402989,0.8249636,0.04862488,0.24375223,-0.23265919,0.56278896
0.60626295,-0.12511059,-0.59532224,-0.23064137,0.39717272,0.39984012,0.02632456
-1.30176665,-0.47177961,1.34027981,-0.28222284,0.39101856,-0.20512541,-1.22952338
-0.4214457,-0.21469442,0.02180634,-0.30488619,0.04709084,0.02662313,-0.3713749
1.78321343,-0.06713509,-0.08242581,0.19794599,1.47509291,0.28117106,1.34232506
-0.17099935,-0.17580206,0.80644303,-0.366113,0.3221565,-0.77104955,0.04376015
-0.28845746,0.11843191,0.21201357,0.00360336,0.0416371,0.22313017,1.44496355
1.63837079,-0.34775463,0.92181145,-0.10051837,0.6306899,-0.13036117,-0.35564763
-0.88478558,-0.45048611,2.46756236,-0.12886221,1.5620292,-0.58157564,-0.47420311
-0.71453436,-0.12341992,-0.50248535,-0.2032187,-0.44928459,0.04641998,-0.21156485
-0.6137675,-0.49653383,-0.34018822,-0.54760695,-1.03816953,1.37617095,-1.78772549
-0.16824607,-0.17938776,-0.81412284,-0.28740671,1.515001,-0.42501047,-0.26331677
0.2404232,-0.24671653,-0.14702968,-0.21685385,-0.47395502,0.14535887,0.60485129
1.05557973,-0.46163965,-0.51734472,-0.38867806,0.73318362,0.36466095,0.59926386
-0.40892151,-0.47433371,-0.30553786,-0.54749558,-1.44407208,-0.39441638,-1.05231565
0.07285892,-0.18860308,1.67251523,0.06507547,-0.18727088,0.98194521,-0.82598235
1.18409135,0.11336766,-1.97424971,0.16324011,0.42126864,-0.28071408,0.83118228
-2.21489709,-0.2025072,-0.28513373,-0.33218916,0.56573055,-0.06249542,-0.80469952
0.34867762,-0.34500321,1.68713102,-0.37320365,0.5702345,1.20510137,0.26059669
-0.09772948,0.11849485,0.84962481,0.36480459,-0.67025427,-0.48088096,-0.45219363
0.56484595,-0.01313487,-1.2238447,-0.19660943,0.68569,0.51584959,-0.698392
0.46161052,-0.13984246,2.1386556,0.07368606,-0.70308272,-0.03612675,-0.36272112
0.58922489,0.01937283,-0.38990767,0.081659,1.02842076,-0.14578591,-0.10121179
0.86661652,-0.5631187,0.7162165,-0.6529028,0.59885712,-0.11252418,-0.1764298
-0.71600693,-0.41134352,0.38691676,-0.24653012,-0.57603974,0.38079513,0.37099222
-0.33603693,0.26312863,1.15496508,0.33763646,-0.32699186,0.47821949,0.56964721
-0.58439507,-0.04598456,-0.75106362,-0.24730912,-0.46810131,0.52894916,-0.61239406
0.16973619,-0.2018978,-0.52439842,0.03020055,-0.39070677,-0.19113414,-0.83874602
-0.03660848,-0.24922752,-1.52314134,-0.2551956,0.40216123,0.61535876,-0.45060111
1.14404165,-0.16532686,-0.82310652,-0.01736733,-0.30744499,0.19426516,-1.32923419
-0.6489475,0.12022883,-0.11478448,-0.03982823,-0.00235963,0.48986669,0.15608184
-0.110582,-0.23673097,0.08657404,-0.13124793,-0.13365769,-0.18235868,0.3635639
0.28629651,-0.10192796,-1.96845485,-0.21303049,0.6590907,0.3279211,-0.56528206
0.58678005,0.20524775,-0.11452076,0.55450065,-1.5127319,0.59141919,-0.44915947
1.46364,1.01958927,0.49548889,0.80617624,0.42679978,-0.83425867,-0.08308264
0.37331994,-0.46607475,-0.11788008,-0.22721218,-0.18026909,1.84012143,-0.81570122
-1.49229687,-0.61752925,0.25414451,-0.97973592,-0.34869037,0.67976862,0.09258791
0.32802145,-0.12193231,0.28526128,0.15307937,0.29623153,-0.60692407,0.5234839
1.25647695,-0.11083552,0.90548719,0.08662962,-0.09964786,0.54937803,0.97253386
0.22932568,-0.08035346,-1.12007221,-0.27731537,-1.52865846,0.09544146,-1.37303026
-0.331855,-0.29638353,-0.98900262,-0.44288837,0.09295049,0.15667997,0.36586272
1.16355501,-0.1823726,-0.9692482,0.21113344,-1.3177675,0.1871742,0.47913477
-0.44013872,-0.0544269,-0.38849545,-0.20219954,0.35337281,-0.03316027,0.74624395
-1.26107424,-0.12230228,0.08596277,-0.06446252,-0.85499166,0.02367283,-0.86133171
0.71809628,0.04541825,-2.04720568,-0.18091412,-0.54426638,-0.16975528,-1.07828643
1.53215655,-0.10665164,0.04662138,0.27871326,0.99426569,0.13194682,1.08868846
-0.09156078,0.17730413,-0.53465389,0.11950109,-1.24160664,-0.31990496,0.51684793
-0.20273982,-0.21818753,-1.99987247,-0.09393006,-1.23754121,0.06769837,0.31460885
0.75217986,-0.47121814,-0.93347747,-1.5345538,-0.05747301,0.82680162,-0.431239
-2.13178622,0.46211735,0.93291328,0.57472429,-0.61165133,0.29962858,0.3275977
0.68706266,0.49011135,1.06592742,0.64185208,-0.09841752,-0.10466388,0.73412949
-0.05448023,0.24262048,-1.36188781,0.32866072,-0.24850487,0.36768498,-1.61147445
2.57035745,0.02957689,-0.24472582,-0.03998777,-0.09833018,-0.15818387,2.14553366
-1.26805788,0.17941767,1.24747257,0.42296184,0.28619735,-1.26097606,1.41836078
-0.46284972,0.04134679,0.22621113,-0.16321943,-0.89903779,0.61223918,0.11154684
0.42614118,0.03319193,-0.83544973,0.23318357,-0.3393202,0.14623044,-1.122711
-0.0669271,-0.03809102,0.11738506,-0.20221305,-0.58416155,-0.46176715,0.63857696
0.34959234,0.47547261,1.62878265,0.67953605,0.18472506,0.57616223,0.05698343
-0.14162175,7.25E-05,-0.15076167,0.09358238,-0.87358819,-0.61286054,0.71025213
0.30837677,0.20252368,-0.61316227,0.17292483,0.86713451,0.1196169,-0.53561113
-0.41489716,-0.17812762,-1.36849711,-0.2642031,0.38206673,0.22886281,-0.20755114
0.08717508,0.14165119,0.21819006,0.38682116,-0.58699239,-0.34845026,0.91163833
-1.86263391,0.1042904,-1.79767192,-0.12438926,0.39135902,-0.06787623,-0.71994479
-0.81242639,-0.04430488,0.76568955,-0.0670004,-0.80867696,1.20479769,-1.25516587
0.7497427,0.13524877,-0.27649911,0.24195037,-0.33291087,-0.83596692,-0.24882283
-0.551806,0.25988659,0.17952445,0.11391095,0.0500129,1.01461945,1.00939
0.3369088,-0.02854964,0.89592118,0.28377355,1.56018874,-1.71495166,0.78497153
-0.14813406,0.09959144,-0.86767831,0.10794286,-1.87304513,0.25111369,-0.11738869
-0.8313704,-0.22781699,-0.44267791,-0.42198996,0.39815077,-0.32260781,-0.34574522
0.40091326,-0.01275807,-0.49872636,0.12614901,0.57772956,0.72825595,0.35790994
-0.45902928,-0.29065,0.77749408,-0.28617364,0.90908155,-0.71571744,0.76093739
0.75271137,-0.18813043,1.65693782,-0.17486905,-0.41310984,-0.45920111,0.63375208
0.09428576,-0.09116845,-0.49790329,0.05091592,1.5516345,-0.00501675,0.57141533
-1.47265143,-0.09398039,-0.29336531,-0.09718923,-0.49211154,-0.59115146,0.36139199
0.52394856,-0.302363,-0.61332891,-0.45532535,-0.43403994,-0.0254264,-0.44177675
-2.91028718,-0.22975705,0.73299573,-1.40638194,0.44283721,-0.26904978,0.44317693
1.13086822,0.20800364,0.48544812,0.23547869,-0.51857826,-1.05421362,0.64074308
-1.08339889,0.19099616,-0.20004707,0.09954643,-0.7513036,-0.38435106,1.381381
1.27117952,0.18273803,0.58181694,0.40806975,0.36713954,-0.95267843,-0.62036147
1.1856608,0.3633698,0.54174031,0.52807383,0.78245278,-0.52440118,0.65623704
-1.97398419,0.16296856,1.41996157,0.13872611,1.28492634,0.0345812,-1.28754129
-0.69709683,0.05338579,0.94425829,-0.15614932,1.21549983,-0.40669019,0.06955409
0.75867097,-0.15127091,0.97627647,0.1906416,-0.56992006,0.06652295,0.11335611
0.32849168,-0.31699572,-0.06897647,-0.41072494,0.44312599,0.28184811,-0.02756684
-0.91131315,-0.10312139,-1.16845592,-0.32763268,0.03565073,-0.35312341,-0.20333274
0.16052558,-0.14760093,0.84532942,-0.03652185,0.71863978,-0.20994872,-0.61307314
0.40876483,-0.2121391,1.3233883,0.06951225,1.06476168,0.48288345,0.58801854
0.13485707,-0.25482133,1.748511,-0.2850914,-0.25853356,-0.33332736,0.44733344
-0.55927399,0.02703173,0.59322965,0.11143235,-0.46761538,-0.00408769,-0.29811738
0.85702428,-0.17226548,-0.68209842,-0.1934821,1.22016368,-0.62979203,0.57964623
-0.82642306,-0.4159964,-0.36276091,-0.50615024,0.84474824,-0.0409798,-0.15405716
-0.70296033,-0.50416966,1.10835607,-0.32236008,0.13725242,0.2498146,0.80901292
-1.08993049,-0.42925592,-0.57741842,-0.45072452,0.5739314,-0.79354294,-1.72109918
0.8752317,-0.34634493,-0.18173304,-0.52900614,0.42647446,1.25782926,-0.8989061
1.11732022,-0.42561278,0.18712823,-0.07286739,0.35574988,0.07208562,1.30181735
0.10969977,-0.13135963,-1.02810313,-0.30661626,-1.13196128,-0.95401998,0.13238346
1.00259323,-0.1520983,1.2733494,0.02826092,-0.01383106,0.54815877,-1.43128354
-0.79554708,-0.25829703,0.57996483,-0.18530882,0.81804759,0.13513007,0.16903305
-1.15457645,-0.4648381,-0.33519204,-0.76386626,-1.11095981,-0.18589393,0.04658478
-0.58636963,-0.23295973,1.32344463,-0.20692949,0.51489473,-0.11870468,0.54661795
-0.53695356,-0.26435334,0.42092342,-0.05492117,0.27734509,0.52589249,-1.24269879
0.64741354,-0.0362884,-0.0170872,0.1038408,-0.68677364,0.03699122,-0.50889321
0.0827854,-0.16543789,-0.156869,-0.23433524,1.56867601,0.68250901,-0.13608362
-0.02306851,-0.05835704,0.14011987,-0.08280062,-0.37563943,-0.75452936,-0.42214233
0.99380832,-0.36483529,0.78231125,-0.23244166,0.44320501,-0.14281922,0.00185049
0.53850522,-0.40826241,0.53743274,-0.22106459,1.49085603,0.05576045,0.74481928
-0.56844491,-0.54515795,-0.44606156,-0.60809552,-1.22694264,0.26676999,-0.87933282
0.10786181,-0.16703158,-1.61038596,-0.36132326,-0.82630561,0.07838841,-0.56414125
-0.70628221,0.01031678,-1.23113957,0.00384091,-0.14693371,0.74970695,0.66328674
0.06049948,-0.3111011,0.93169728,0.02591114,0.06535597,-0.11291578,-0.51930697
0.4310368,-0.33899139,0.06960641,-0.46971547,-0.58823283,-0.66568176,-1.02493857
-0.23585308,-0.07446953,0.91982512,-0.05795892,-1.03111346,1.01290702,-0.29589585
0.86537749,0.02427899,0.3081954,0.04852795,0.82403078,-0.17581695,1.01580838
1.57398771,-0.09319768,0.74872687,0.18707521,0.07413309,0.06528515,-2.24160088
-0.10286955,-0.22508365,-0.828212,-0.25575623,0.67371392,0.22403253,-0.55033508
0.31315152,0.1878607,-0.75663186,0.17948026,-0.37195557,0.29986782,0.62206901
-0.72852179,0.86359029,0.25738765,1.01988484,-0.26316645,0.03364305,0.33823185
0.88016811,-0.53067127,-1.47825193,-0.83972146,-1.27641672,1.40886358,-1.43196235
0.81634937,-0.00747671,0.43768439,0.19758246,0.82332153,-0.52827402,-1.10790765
0.27074317,-0.32927852,-1.02055562,-0.28415409,-0.48841257,0.8865392,0.36548445
-0.09773417,-0.43713017,-0.90933665,-0.45341962,-1.2859325,0.70970172,1.71920223
-0.47121052,-0.49066692,0.00648272,-0.34151417,-1.5906016,-0.13328782,-0.59491536
1.32776616,-0.27872859,0.1279423,-0.36621816,1.36397481,-0.11045689,0.95512472
-1.04337547,0.58021645,1.1568759,0.5868663,1.19262382,0.71176614,-0.67434854
-0.2537623,0.52716694,-1.00862507,0.51087354,-1.91114968,-0.80950077,0.6736971
0.59743079,0.01585657,-1.81427243,0.0824444,-0.45314617,-0.01632135,0.40629291
-0.98601256,0.03559803,-0.05721239,-0.02790359,-0.21356088,0.58355168,-0.01378148
1.29854794,-0.07077283,0.06414341,0.04696453,-0.94679164,0.18294013,0.0141091
-0.07912661,-0.24716023,-1.40604422,-0.16997231,0.4288397,-0.78856831,0.06427326
-0.11140865,-0.12431716,-0.81780725,-0.17280509,-0.5760711,0.81875451,-1.13828289
0.41491981,-0.21648833,-0.8064534,-0.11968135,-0.13561179,0.09869113,0.93246162
-0.14441313,0.23929622,0.55843813,0.45438674,-1.17081196,0.63877943,1.15920711
1.03879233,0.16600952,-1.80478354,-0.12113616,0.2825744,0.66128321,-1.26069962
-0.50090166,0.15936662,2.57143642,0.41054906,0.55070648,-0.40124696,0.53724457
0.646638,0.04457126,-0.5761869,-0.12984399,-0.98223238,0.04710957,0.69089544
0.4368612,0.01638465,-0.58770893,0.21176514,0.52115826,-0.35472365,0.64485504
-1.11134503,0.09712986,1.47339029,0.22960266,-0.1143927,-0.22601156,0.09786251
0.10570829,-0.23936048,-0.08150916,-0.31692547,-1.11162847,0.4760391,0.34782055
0.10029385,-0.28982337,0.23794643,-0.1478278,-0.3214504,-0.53788477,0.91199154
-0.06290385,0.44971982,-0.47852856,0.59751646,-0.08215892,0.11821666,-0.37096936
-1.29218567,0.26125321,-0.85391648,-0.11318392,-0.03619069,-0.31634476,-0.62949101
0.48325832,-0.20973174,0.33247607,0.13598608,-0.75854711,-0.02491313,0.18411978
-1.29683907,0.02363594,-0.23312614,-0.2862551,1.06173025,0.73536282,0.83181819
1.16951402,0.02057194,-1.15715465,0.24575519,-0.34668826,0.21349772,-0.09586158
-0.17307262,-0.05686914,0.02207682,-0.05245939,0.75007926,0.00892701,-0.05574222
0.25202935,-0.01921992,1.14492715,0.02226324,0.32664959,-0.0340893,-0.69268209
-1.55860926,0.01903419,-0.74194779,-0.19793528,-1.69887336,0.49763491,0.58298659
0.49671384,0.18033245,-0.70315801,0.51780542,0.13697397,0.30146628,0.31348182
-0.48371653,-0.0464158,0.36601708,-0.16334115,-0.16733431,-0.73448103,0.51244481
-0.27574623,-0.38742604,-0.32425045,-0.21187272,0.89649875,-0.21227246,1.35912738
-0.92037635,0.00457242,-0.75964065,-0.35014786,-0.47862183,0.1446755,-1.14721105
0.289865,0.08189754,1.44372188,0.5337366,-0.04634539,-0.94139972,0.25107483
0.04968096,-0.01772396,2.0141837,-0.12366522,1.17210936,-0.45719941,1.21150553
-0.28873737,-0.16365727,-0.97083725,-0.18715161,0.11398012,0.09350579,-0.83280381
0.26632389,-0.04405273,0.25071749,0.11546277,0.17460521,-0.18107849,0.57660883
-2.03147792,-0.45311533,-1.2116598,-0.56552533,0.88722948,-0.91317773,0.10002627
-0.88319676,-0.78185818,-0.35870934,-1.2936889,0.35197227,0.0227087,0.67584591
0.93688597,-0.05324111,0.62804808,-1.32136293,-0.17036359,0.10190959,0.57846523
0.52454787,0.3145107,2.32007779,0.46823427,0.43302998,-2.18396207,0.43960973
-0.61355047,1.00794885,0.90030176,1.04248035,-1.62237658,-2.40117967,0.34774094
-0.2791099,0.72473963,-0.61455273,0.65972654,0.09814547,0.36732024,-0.20929914
1.58848468,0.38785127,-0.05476922,0.42566819,0.02214255,0.05723007,-0.1209308
-1.05496302,-0.09777914,0.14453495,0.06386527,1.2696843,0.17139582,0.01146481
0.52446845,-0.45074996,1.32790427,-0.49702123,1.55243323,0.15660132,0.04245157
-2.69588315,-0.12123764,-0.74264616,-0.36180019,0.00722004,-1.34940207,0.29868865
-0.16419905,-0.20316104,-0.11901118,0.06447594,0.99191971,0.54508942,-1.36207255
1.35078959,0.22996225,0.92547996,0.30390189,-0.13385641,-1.55546808,1.88452579
-0.30675023,-0.2476934,-0.11375617,-0.21634399,0.38977806,0.48050019,-1.04218101
0.04747311,-0.25332852,0.71246906,-0.32644085,1.17198463,-0.39783908,-0.64627645
-0.45575882,-0.00715189,0.82022952,-0.08430335,-0.2487939,-0.68247716,0.06742935
1.87422808,-0.07398005,1.22824382,0.13109742,-0.44234021,-0.35653101,0.83900314
-0.37290636,0.10904117,1.42536855,0.21363656,1.92781582,-0.88923958,-0.29904259
0.21684254,-0.06809493,0.98001727,0.0581963,1.2261244,-0.52210738,1.16472984
-1.77164582,-0.50743384,-1.17314162,-0.74674296,-1.21694304,0.46553614,-1.30939737
0.03551442,-0.1298162,0.25702986,0.02707998,0.64903983,0.40766358,-0.9949983
-0.14032655,-0.0800278,0.01630111,-0.26749822,0.80532407,-0.12631713,0.62420839
0.8350258,-0.23854852,-0.23716895,-0.22153786,-0.58398449,0.18199155,-0.15235531
0.54972444,-0.20731059,1.1385056,0.10389671,0.63161899,-0.2297445,0.79349371
0.19694004,-0.31650637,0.1043484,-0.36247158,0.46362476,0.58896837,-0.11318551
0.20390538,-0.35828615,0.10477437,-0.47871861,0.10664209,0.05003276,-0.37794611
-1.81215465,0.01652792,1.929042,0.19226792,-0.92788038,0.83368752,0.11788853
0.21746322,-0.69997934,0.20092648,-0.62243723,1.52893014,-0.31533961,-0.43994712
0.78594314,-0.42280752,-0.91769532,-0.40940792,-1.43878007,1.32729069,-1.65193036
0.88094419,-0.13192103,-1.24271743,-0.08568204,0.77918933,0.0590648,0.79570809
-0.0349072,-0.2047961,0.03256572,-0.23785839,0.8279396,0.65758342,-0.17837819
0.37109966,-0.18437155,0.16203825,-0.20749858,0.86536552,-1.01647555,-0.39859406
-0.3847994,-0.22358973,1.315597,-0.11763385,0.02639942,0.79389493,0.12194096
0.41648477,-0.33423299,0.03552298,-0.0671381,0.1016265,-0.75982501,-0.46232295
0.25716619,-0.32188225,2.27295884,-0.24427972,-1.13966052,0.18703289,-0.33339826
-2.26511399,-0.21609059,-1.07838365,-0.48535526,0.81643848,0.83979828,-0.15081878
1.10628488,-0.17923311,-1.05453086,-0.16148463,-1.46410181,-0.11446125,-0.60763219
0.82664553,-0.08103096,-0.2342282,0.05792037,0.6295842,0.2320584,-0.08600933
0.38743585,-0.08737181,-0.01341366,-0.143263,0.46014926,0.4986165,-0.23811374
0.19230383,-0.04730607,0.00469763,-0.22154028,0.30190908,0.56897538,-0.78164334
-0.55140215,0.20234738,0.42463491,0.32993739,-0.35519164,0.77361346,0.21678267
-0.10567676,-0.3181073,-0.35595137,-0.00914851,-1.13050162,-0.20194233,0.20743801
-0.68741884,-0.15916869,-0.24118706,-0.23028989,-0.50390505,0.66084697,-0.01723539
-0.01827125,-0.26198235,0.35835197,-0.1620099,0.74859453,0.62482983,-0.0575867
1.56525925,1.1433863,0.41398452,1.10109862,-0.66524666,-1.07532069,-1.21507495
1.28705792,-0.13543313,-1.25974655,0.0445794,0.91710189,2.70337364,0.41716159
0.33034569,-0.59940874,-0.11208873,-0.8385914,-0.43390806,-0.19188289,-1.14575569
-0.55533469,-0.83830199,0.12685656,-0.66825835,-0.12761747,0.61712664,-0.92227336
0.23183041,-0.04063798,0.08799718,0.1284944,-1.21762405,-0.13829356,2.47683807
-1.00483643,-0.13702874,-2.17110578,-0.28885735,0.04043228,0.7839175,-0.12821
0.12054346,-0.30285542,-0.67768554,-0.33512342,-0.12330938,-1.25079163,0.28751389
0.57644512,-0.21724425,-0.87768031,-0.44533221,-0.06989554,0.09954507,0.92680444
0.71435894,-0.35505986,-0.14887381,0.18341814,-0.57239682,0.33596509,-0.118368
-0.16828437,0.1606509,-0.29128737,0.12604805,-1.84074529,-0.07079596,-0.30161712
-0.02697121,0.20492695,-1.0138604,0.15538123,0.68566135,-0.46307983,-0.87510378
-0.1884924,0.00659025,-0.36926327,-0.22819647,-1.02775738,0.08551487,0.01925357
0.37582922,0.05214698,0.06336879,0.10983181,-0.31315191,-0.62016321,1.280026
0.33538793,-0.08117966,-0.71831846,0.19060994,0.41278423,0.56567245,-0.56976769
-1.58682203,-0.29662333,0.72412953,-0.33003649,-1.6730283,0.00452647,-0.1106969
1.02343704,-0.17198466,-0.8375139,-0.09909339,0.69083624,0.08429345,0.02268372
-0.61054992,0.26772573,-0.40476892,0.15409365,-0.73600592,-0.3035784,0.33003632
0.44255352,0.46683855,-0.59906359,0.63660257,-1.29969707,0.09541996,0.59439598
0.54924827,-0.1452191,-0.91638963,-0.04242609,-0.21919211,-1.38640794,0.52201579
1.28532175,-0.15409642,0.83330333,-0.17984233,0.94431952,0.0181912,0.89214931
-0.46604803,0.03758958,-0.03371347,-0.10736007,0.22378445,-0.34574218,-0.24034084
0.6853319,0.02328073,0.97402882,0.43452644,-0.48839705,-0.39458343,-0.6500176
-1.47011493,0.2163127,0.61749433,-0.17236939,-1.03992267,-0.18650348,1.05662764
0.50615644,-0.29221884,-1.0713289,-0.1315495,0.20967861,0.07684087,0.63617194
1.02486378,0.12253517,1.64556785,0.65233229,0.06527764,-0.80361694,0.2229884
-2.03937879,0.19884338,-1.3439155,-0.20462677,-1.21777871,0.34257267,-0.16464748
0.56930859,-0.27983243,-0.2176415,-0.1990405,-0.78909808,0.16678465,0.52699961
-0.77745895,-0.20543198,-2.09118659,-0.18985399,1.02621425,-0.72368007,0.50135392
-0.57310119,0.08388831,0.93111709,-0.02176349,0.46737226,0.76671785,-0.4637254
0.09649017,0.09584791,-0.05231396,-0.04225857,-0.51893225,0.57889335,0.25517865
-0.27917665,0.21441936,-0.76422624,0.29356663,-0.12872884,0.53276765,-0.16565457
0.13661541,-0.09234746,-0.69511972,0.12900455,-0.04547617,-0.24604421,-0.82598044
-0.11807656,-0.28828063,0.36413153,-0.09923933,1.43054358,-0.94888126,0.63115297
-0.11043728,-0.18454338,-0.33404303,-0.58147537,-0.71573555,0.38726048,0.65586637
0.75384552,0.16867422,1.78271028,0.42663825,0.42649995,0.04213761,-0.6012936
0.56715322,0.11999168,0.7954105,0.33497517,0.42763025,-0.20934795,0.99866982
0.74731761,-0.31890906,-0.38698249,-0.51130953,0.8198824,-0.03330727,0.3024615
-1.37848725,-0.52140198,-0.25473422,-0.57183887,1.218485,-0.61181984,-0.74910204
-0.91094597,0.31959173,0.47100403,0.3130143,-1.05061383,0.09476059,0.72306933
-2.03877958,0.05311203,0.52610302,0.16037244,0.18542834,0.27732173,1.98462557
0.14844387,-0.63224517,-0.33194433,-0.87843153,0.60108961,0.41322698,0.06404679
-1.33759025,-0.45203507,-0.47373541,-1.41741966,0.81281628,0.08350073,-0.18929438
0.69528967,-0.30401307,1.0261488,0.21237242,-1.36904758,-0.92638377,0.79408187
0.20148576,0.13684424,0.5153459,0.31680415,-0.60264081,-0.51900426,0.22972832
-0.35720743,0.37582713,0.61936797,0.10849271,0.53584636,-0.8254282,0.33337312
0.28814559,0.34070597,-0.02195704,0.43041225,1.49928373,-0.12205191,0.61502956
-1.56151916,0.15370093,-0.57612369,0.08000552,1.0524274,0.1345539,-0.02956191
-0.63893039,-0.05341508,2.4212994,0.09193329,0.21416641,0.20128747,-1.12156742
0.25000066,-0.36340196,-1.46989198,-0.34127639,-0.0371357,0.11848312,1.4716197
0.99857232,-0.19552843,-0.17547405,-0.24158122,0.39224369,-1.21767919,-0.28530863
-0.75282817,-0.11193275,-0.71349263,0.01568151,2.24825746,0.6374064,-1.39804366
0.94106931,-0.60978152,1.12549773,-0.49515375,-1.50652537,-0.52557081,-0.36619406
-0.46652247,-0.23763503,0.82184522,-0.53626161,0.85623621,0.12690222,1.41258196
1.1046614,0.05316743,0.96195519,0.3855355,0.26125824,-0.62284928,-0.14027819
-1.72454234,0.0255162,0.61774587,0.23503923,0.82109805,-1.33422048,0.31456939
-0.20201984,0.18870722,1.93270105,0.00508318,2.03586015,-0.64186847,0.22333667
-0.63475535,-0.24026296,1.15103372,-0.46630677,1.14550634,-0.42278772,0.59334871
0.91086765,-0.40538912,0.33514815,-0.04745285,-2.42828421,0.09933599,0.63691346
0.50812654,-0.64950817,-1.12398382,-0.72724301,1.65745519,0.24313155,0.45899506
-0.67689613,-0.66807715,-0.9774912,-0.70856959,-0.20344565,0.43295819,-1.50924018
0.76859361,-0.3322042,1.05473565,-0.24332756,1.04774613,-0.41180409,-1.26326357
-0.61558752,-0.30812914,-0.35845372,-0.14256545,0.75914923,-0.55952421,-0.10986601
-0.72313582,-0.4386065,-0.78545627,-0.31215669,-0.9725211,-0.32340531,0.58652345
-1.03233366,-0.29503554,-0.4469841,-0.83327774,0.50023061,-1.07866122,-0.70061999
-0.59612876,-0.1419119,1.0740557,0.05159798,0.20426552,1.30679314,-0.81857706
0.10740828,-0.75698362,0.20367027,-0.56239534,1.16939623,-1.21662454,-0.26512258
-0.52283675,-0.59369466,1.74967885,-0.45822191,-0.42846482,0.17871946,0.10502624
1.2102288,-0.42776244,-1.01647066,-0.44064774,-0.82921349,-0.07758518,0.63264168
1.70878672,-0.12346461,-0.1661377,-0.03467053,0.52209633,-0.02756393,-0.06191151
-0.24789218,0.21251917,0.26480019,0.15149377,-0.23871282,-1.50720584,0.33794047
-0.10724306,-0.50988161,-0.75521826,-0.55672289,0.97941016,-0.09450485,-0.676002
-0.26385676,-0.3906899,-0.74256993,-0.56428655,0.73331081,-0.51194022,-0.86298765
-0.08459602,-0.32243418,0.80401114,0.00408369,-0.41813141,0.87226123,1.4207921
-0.0015619,-0.17771549,0.47232346,-0.0020721,-0.12627413,-0.15334458,-0.53365243
0.6042871,-0.30382335,0.48882026,-0.46815542,0.56711747,0.62183354,-0.21073476
0.29279556,-0.45031795,-0.98058086,-0.60734536,-0.48223552,-0.34656792,-0.744483
0.11010767,-0.10246306,-0.62129203,0.43273207,-1.14101658,-0.06719009,0.73539838
-0.06611493,-0.10460905,-0.2560448,-0.44620966,0.14600228,0.92325195,-1.01339769
-0.69228897,-0.30845553,-0.31229949,-0.26907887,-0.71369145,0.62259241,0.9215866
1.345877,-0.22188391,-0.5636991,-0.21806745,1.05150359,0.0640566,-0.3412796
-0.6379391,-0.17869966,0.096328,0.13811951,0.08887752,0.33292937,-0.41768222
-0.01349393,-0.08912531,-2.47657556,-0.14747126,-1.09378319,-0.65055011,-0.23079703
0.46872,0.6597522,1.39633679,0.33836868,0.55912141,0.55421428,-1.72378583
1.97479102,-0.46162509,0.72807679,-0.14122365,-0.0915688,1.51484196,-1.63796895
0.95642353,-0.09781128,0.23454156,0.0558611,0.24811696,0.08464191,1.38579581
-0.1524154,-0.35587903,-0.36683998,-0.42779565,-0.54194504,1.09087262,-1.8610891
0.30201944,-0.51514037,-0.24449064,-0.73190638,0.20077544,0.59818479,1.32444953
-0.14877953,-0.19542917,-0.81977062,0.08969114,-1.66422383,0.9382935,-0.03632909
-1.21469249,-0.04335187,-1.00696563,-0.01571142,-0.14918081,0.13079394,0.51302748
0.3878149,-0.49758377,-0.08130361,-0.52619535,0.24775598,1.18059366,-0.4839515
0.62743956,-0.19490584,-0.43933141,-0.29533671,-1.16547488,-0.66618772,0.62299894
-0.11387322,0.22836254,-0.82437663,0.13995391,0.30935368,1.14124236,-0.3441194
0.65487609,0.18102006,-1.18520955,0.60686347,0.17976456,-0.45534445,-0.4159966
0.46344182,-0.32852151,0.03925475,-0.2973553,-0.80915505,0.11142116,0.54866825
0.23824195,-0.32631724,-1.88785738,-0.55055147,-1.03199077,-0.21833445,0.80600817
-0.53607482,-0.17267745,-1.06392772,-0.06264065,-0.4011655,0.45459009,1.16308187
-0.53178608,-0.02723735,-0.57509737,0.15368459,-0.53892915,0.59510064,-1.6170936
-1.12996282,0.34819326,0.22078152,0.11435524,-1.08083476,1.14100287,-0.14680768
-0.60140684,0.3374371,0.54032487,0.12922793,-2.62097855,-0.05990513,0.79855537
1.70425903,0.18275432,0.91648178,0.61212424,0.87642206,0.11307093,0.14418736
-0.1609503,-0.1888296,-0.06263742,-0.0281562,0.57593331,-0.81661565,1.51673358
0.54635648,-0.12203889,-0.3775465,-0.29473507,-0.75898184,-0.6739073,0.27674436
-1.06173002,-0.30971024,-0.0663706,-0.06263105,2.15684556,-0.43256293,0.11211102
-0.72556545,0.37724132,0.7801129,0.39875472,-1.46843745,0.690071,-0.05657592
0.11634351,0.36983983,0.79312434,-0.01091901,-0.07761773,-0.09528993,0.22545035
0.45585275,0.04608762,-0.12583292,0.26868102,-0.10310425,-0.88406905,0.9056938
2.01504034,0.16314243,-1.0471094,0.42491058,1.64626831,-0.20407212,-1.02762596
-0.9436196,0.38553763,-0.05421876,0.32433977,-1.21802278,-0.76149503,0.52808945
0.68590371,-0.2251647,-0.45422367,-0.26932433,-1.02997542,-0.63615994,0.77826982
0.10646991,0.11149319,-1.023707,0.10626329,0.22523783,0.05574145,-0.05294304
-1.44795303,0.18910707,-0.40711971,0.23293445,0.8227015,-0.40253324,-0.15606534
-2.24457173,-0.19720664,-0.69555075,-0.40659038,-1.77502038,0.67619141,-1.13896478
-0.25849186,0.40147924,0.70575723,0.59772401,1.68291154,-0.21972442,1.2455646
-0.46162843,0.19542202,0.52397835,0.18874334,0.98597853,0.4752184,0.78077413
1.91014608,-0.05110703,-1.28353019,0.03559749,0.46004925,-1.87235317,1.6280051
-0.65929312,-0.39045463,1.53034003,-0.4777985,-0.60036997,0.43866069,-1.83733689
1.45630322,-0.10168572,-0.28661781,-0.3757807,-0.78614177,-1.27974492,0.71086341
-0.2846669,-0.00433462,-0.60686296,0.35706333,0.55484626,-0.17981738,-0.6196117
-1.20429443,-0.51977515,0.38778032,-0.20603072,1.67216381,-0.38915508,-0.15138844
-0.14598809,-0.31912041,0.03737714,-0.70276196,-1.002013,-1.45069915,0.04399997
-0.18289158,0.03582018,0.83824674,0.04500903,0.58169057,0.83857814,0.67286458
-0.30145012,-0.17191189,0.83368427,0.06670856,0.72424021,-0.4255497,0.7948681
-1.56773256,-0.60982444,0.07906188,-0.80632775,-0.78919508,0.13345699,1.19957487
-0.0335919,-0.37146468,-1.3652785,-1.50798297,0.03618983,-0.79282861,1.62727882
-0.9046161,-0.15215172,2.26345615,0.04886027,-1.52864469,-0.28451335,0.66567144
-0.05388184,0.95827261,0.29409913,1.10586634,-1.76273134,-1.77739826,1.92181052
-1.58837968,0.18835869,-1.13479902,0.11751372,1.77209738,-0.46379494,-1.62355412
-0.66909908,-0.76031185,0.76256447,-0.83286192,0.78101064,-0.05498334,0.26361054
0.84474966,0.20354304,1.17449921,0.34673217,1.40094836,-0.42511665,-0.37771305
-0.84762816,0.02381929,1.17376771,0.27300888,0.17590146,0.27563901,1.84443408
0.61285589,0.07942985,-1.03901357,-0.01763041,0.05542677,-0.01628495,-0.23683442
1.29971551,-0.33372071,-0.87946951,-0.61147314,1.59993012,0.24691948,-0.55645053
-0.48509224,-0.55458888,0.22246661,-0.39752357,1.50366717,0.6429086,-0.83920175
-0.08516956,-0.5349928,0.78556664,-0.41894237,0.30325993,0.46468214,1.23910187
-0.73857188,-0.58318301,0.27552008,-0.36928674,0.43499122,0.23822764,-0.05036943
-0.54668507,-0.48514106,0.05235811,-0.6786765,0.78423507,0.29125898,1.28724692
-0.58473539,-0.22755653,1.30510988,-0.30031584,0.92282883,0.23526961,-0.41193249
-0.8516117,-0.22205533,0.10973952,0.24335137,1.99729592,-1.37831081,0.33592466
-1.23710213,-0.68909172,2.75769599,-0.58737034,0.29233147,0.14276244,0.75697161
0.6294652,-0.83019456,0.06678238,-1.12958046,0.73715296,0.05698743,0.08144056
-0.81581531,-0.61278241,0.4193625,-1.15549812,0.72524656,0.0426585,-0.74600882
0.51234655,-0.3177167,-0.5818011,-0.22455177,0.33626818,0.52825922,-0.58244735
-0.57457452,-0.04143898,-0.84428657,-0.04038029,0.39062431,-0.2258312,-0.54836459
0.41859657,-0.13177529,-0.55658525,-0.21476831,0.27407683,0.28227755,0.91154501
0.07269137,-0.21842183,0.56612638,-0.03344495,0.30692817,-0.28233386,-1.73698605
0.34563202,-0.61126961,-0.32298539,-0.61348184,-0.49453623,0.25277422,0.61406689
-0.63977056,-0.54821962,0.7868702,-0.39154976,-0.39886085,-0.0867527,1.44637128
-1.42990504,-0.78000214,-0.69595494,-1.10657473,1.73763853,-0.23315743,-1.33010608
-0.11632128,-0.59946872,0.34096652,-0.45769716,-0.51927443,0.60453387,0.7568645
-0.39677868,-0.33532074,0.07723486,-0.40328156,-1.01163214,-0.16726611,-0.33941836
1.2217691,-0.0573573,-0.83310531,-0.2569539,0.29288298,-0.44513935,-0.11979188
-0.00817972,-0.38286442,0.75185687,0.15457761,2.44622181,-0.86698315,-1.50989308
-1.2345805,-0.63924973,1.22633276,-0.66184325,1.84344287,-1.92892022,-0.19067164
0.92366536,-0.69158761,0.14155464,-0.71479034,1.51864261,-0.58487308,1.03678387
0.67659807,-0.63119348,0.20494581,-0.5535894,-1.18850126,-0.13638346,-1.18190362
-0.22675197,-0.16977642,-0.16033504,-0.20089396,-1.66261206,-0.11671968,-0.34189946
0.32815803,-0.42528072,-1.61858303,-0.29758412,0.32918456,0.69051954,-1.12238019
1.82691338,-0.37079683,1.12698267,-0.35203168,0.46604216,-1.24275494,1.0051237
-1.37257051,-0.1312166,0.64374304,-0.20244149,0.98423824,-0.63273614,-1.14030393
-2.46213741,-0.05290152,-0.37438981,0.0674446,-1.2585281,0.43638854,-0.27557737
0.25112349,0.23345889,0.83216257,0.274347,-0.27975443,-0.23038603,-0.00621128
0.3299932,-0.5634775,0.58147292,-0.8355418,-0.64360756,-0.79357133,-0.55837044
1.52608397,-0.4229912,0.19076882,-0.16379905,-0.17468762,-0.59746953,0.30024334
0.95674098,0.63612379,-1.00903316,0.97746957,0.05451567,-0.50229136,-2.23214325
2.12833741,0.75801203,-0.34459087,0.87863359,0.15934585,-0.05445783,-1.41896777
0.95846879,-0.04299917,-2.33480095,-0.31998912,0.7490556,0.72485523,-2.28435568
1.04869276,-0.20705184,-0.28231438,-0.33882366,2.51764867,0.98693634,-1.63216503
0.87103542,-0.80366476,-0.04873191,-0.64792589,0.01334158,-0.35671619,-0.21441307
-0.84518508,-0.87635665,-1.14726315,-1.04771914,-2.57927277,0.05068654,1.97995523
0.70569504,-0.72435341,-0.54475195,-0.74878181,-2.38841461,0.44516785,0.22670191
0.86886417,0.19304056,-0.4521353,0.39544126,-0.55071796,-1.29495864,-0.76105298
1.22848711,0.25674811,-1.44482219,0.42043359,-0.44926135,0.56397851,-0.94936963
0.27342883,0.22751771,0.35407721,0.04872368,-0.58010033,0.18990142,-1.58676811
0.20256231,0.50422715,2.36510541,0.70556647,-1.1707397,-0.01882381,0.65894254
0.02702796,0.53505113,-0.2094484,0.33161785,-0.03750996,-0.36818038,-0.46348945
1.10643483,-0.06767594,-0.33845867,0.32526375,-0.583906,0.14174066,-0.1434709
1.27281415,0.389753,-0.21939575,0.1680637,-0.37780466,-0.21176787,0.27226373
-1.15310176,0.16641301,-1.10069414,0.05678327,-1.88592153,1.08453671,-2.05222287
1.17165344,-0.24019928,-1.04183882,0.11859933,0.3932372,1.87408615,-3.14241843
2.23239275,0.9911356,-1.65574399,1.08576635,-1.04065115,0.85700395,-1.76475442
1.3697478,1.15422488,-0.90206373,0.65145765,-1.21529592,1.19731233,-1.10843285
0.0274539,1.22735248,0.71559413,1.674076,-1.1833394,0.61184177,3.71621431
0.97864126,0.64379,0.11317045,0.5951249,-1.28820606,-0.66412188,1.5131784
0.50650282,0.22401079,0.42302856,0.31671896,-0.20251415,0.84635122,-0.61670864
0.59339291,0.05423066,-0.21692679,-0.00415383,0.34863864,0.40468724,-2.09441027
0.41070643,0.89033133,0.08289771,0.73490637,-1.599377,0.40207171,-1.83060668
0.97690718,0.82769855,-0.09977256,0.99406113,-0.44540525,1.28354486,-0.04856471
1.25369831,0.9748384,0.24543546,1.3361419,-1.86593912,0.65640831,-1.63260455
1.27643479,1.2787327,0.19665878,1.12126123,0.88533965,0.0768212,0.31430148
0.28004589,1.10763965,-0.19462792,1.37345395,0.36980178,0.18075939,0.42040526
0.4600362,0.66432703,0.60892897,0.31079888,-1.12787897,1.97923378,0.36028554
0.21251311,0.61775004,-0.2097264,0.43452266,-2.35180475,-0.12153609,0.57859563
-1.69471924,1.00770053,-0.39405979,1.00331831,-1.88939285,1.37524681,-1.04852917
-0.81522066,1.14357186,-1.4552935,1.42495408,-1.94286262,2.54007826,0.35892788
-0.78569225,1.04742907,-0.1955921,0.88288858,-1.74532874,1.23029838,1.38062806
-0.21615514,0.87388182,0.28968679,0.99771255,0.89748488,1.4795246,1.19296062
0.41836228,0.72832587,-0.75314148,0.72684605,-0.18411969,-0.81701378,2.79686308
-1.44463372,0.53286256,-1.24426221,0.50488387,0.41480214,1.41840064,0.15044596
-3.17004196,0.56010018,0.44196726,0.15976774,0.33569029,0.85482605,1.02211407
-1.9435419,0.83731459,-0.2397512,0.9686238,-0.22468261,0.19426571,3.86222121
-4.87908735,2.7764826,-1.03984169,2.38541001,0.66838624,0.98073672,3.85781585
-8.42485315,12.61580651,-1.15668738,12.35369375,0.66106357,4.97995305,6.09659553
