[9.92085172],[2.51280264],[10.74267269],[-1.20898508],[11.17300099],[5.42677307],[7.96604086]
[1.21366161],[3.81228556],[-0.06719202],[0.05880692],[-0.1771654],[-1.68548103],[2.66428876]
[-0.20544599],[3.01709477],[-0.94757822],[-0.50714417],[-0.31044549],[0.18544619],[1.27602394]
[0.83668927],[3.56569468],[0.75359671],[0.00871639],[-0.48770888],[0.40297831],[0.89300496]
[-0.854213],[2.97379194],[0.17342025],[-0.56773494],[-1.17473525],[0.35620426],[-0.92789801]
[-0.77334882],[1.00907949],[-1.49420287],[-0.08849814],[-0.80026948],[-0.75099709],[-0.49258191]
[-1.02816418],[0.25455247],[-0.20080996],[-0.06006693],[-0.81845384],[-0.10376802],[-0.12187078]
[-0.85350707],[-1.04428615],[2.81825258],[-0.44676599],[-0.97247389],[-0.19235815],[-0.52651221]
[-0.20579693],[-0.6583381],[3.66917733],[0.07082037],[-0.92601333],[0.09467882],[-0.02455504]
[-0.24184718],[0.71553155],[1.33592468],[-0.24009528],[-0.62107343],[-0.23648638],[-0.19504892]
[-0.3410096],[1.49828353],[0.54893226],[-0.18060796],[-0.922446],[1.3504037],[-1.13630379]
[-0.60786003],[0.60902016],[0.09724274],[0.21586391],[-0.49069568],[-0.22207174],[-0.46360415]
[0.41338698],[1.03958004],[-0.76057961],[-0.14225825],[-1.03282155],[0.22402057],[-0.90514272]
[0.1550715],[0.8330432],[0.62488344],[-0.55787745],[-1.14492997],[0.19697071],[-1.21221148]
[-0.92264718],[-0.11042303],[1.04827986],[-0.01188107],[-1.1413817],[-0.39996202],[-0.01730011]
[-1.0665281],[0.796799],[1.7679917],[0.25677688],[-0.89238767],[0.20916353],[-1.07942526]
[-1.08010206],[1.88450222],[0.5352013],[-0.08088659],[-0.30103226],[0.05180062],[-0.40261144]
[-0.99569023],[1.15907826],[0.59963955],[0.14282552],[-0.84148108],[0.04792648],[-0.15756478]
[-0.66939024],[0.6855058],[0.58842676],[-1.05913154],[-0.61485055],[0.64722404],[-1.00438663]
[-0.80989778],[0.52486634],[1.76360894],[-0.10575328],[-1.03480343],[-0.50699511],[-0.94422037]
[0.43235099],[-1.16346558],[0.71021341],[0.20920689],[0.15673718],[0.37501085],[0.06713009]
[1.0615728],[-1.74511201],[-0.37056203],[0.15743048],[0.33332855],[0.53511248],[-1.15372116]
[1.54351866],[-0.48328739],[0.5487701],[0.01638503],[-0.06468289],[0.07514851],[-0.04864353]
[-0.451152],[0.50793867],[-1.09000323],[-0.54856475],[0.0531215],[0.07579988],[0.69956327]
[-0.86242363],[-1.04913263],[0.33255334],[0.08649935],[-0.69268119],[0.2706163],[-0.13599981]
[-0.51103194],[-0.65754339],[0.01388741],[-0.47711528],[-1.20367576],[-0.39807197],[-0.07244526]
[-0.93918816],[-0.37274803],[-1.363819],[0.21199635],[-0.66512002],[0.83500997],[-0.02131089]
[0.08597955],[-2.15597361],[1.43988076],[-0.45500111],[-0.47271705],[-0.33843828],[-0.22465572]
[-0.49023546],[-2.69416128],[2.66444956],[-0.52613024],[-0.47413354],[-0.13109053],[-0.73726675]
[-0.28891781],[-1.12619434],[2.35308811],[0.59701019],[-0.25068579],[-0.8771472],[-1.03912082]
[-1.10754677],[-0.84762099],[1.45085216],[-0.83179659],[0.21347721],[0.32629963],[-0.48628443]
[-0.55711754],[-0.74547539],[0.73385216],[0.02111533],[0.04518007],[-0.11320402],[-0.21054]
[0.4806145],[-0.87115472],[0.59119829],[0.64269233],[-0.03313679],[0.24220848],[-0.17919958]
[0.85348831],[-1.15554176],[0.2387801],[0.63195205],[0.13194357],[-0.92140939],[-0.26150523]
[1.51192169],[-0.60685106],[-3.322409],[0.09101391],[-0.25181412],[0.69655039],[-0.83960749]
[2.26168878],[0.11028461],[-2.97084588],[0.15187934],[0.59745726],[-0.35057338],[-0.59573255]
[1.34249667],[-0.27282654],[-0.74204378],[0.45716308],[0.86718278],[0.28127955],[0.45870929]
[0.09710888],[-0.75643245],[-0.69764506],[0.22133545],[0.34151268],[0.11927488],[0.47680981]
[1.5764311],[-0.08887154],[-1.383757],[0.88018455],[0.67509016],[0.22022763],[1.10826981]
[0.26654108],[-0.27248916],[-1.62120015],[-0.63656547],[1.28513283],[-0.76979807],[0.2200894]
[0.15263009],[-1.21324061],[-0.98080842],[-0.20134665],[1.54574213],[0.47779049],[-0.34821459]
[0.19011905],[-0.98209553],[0.70881947],[-0.55524551],[0.39082756],[-0.55746792],[-0.04919113]
[0.06649091],[-1.22879513],[1.32060213],[0.32787344],[-0.73530354],[0.71515957],[-0.45943188]
[0.20158632],[-1.57932283],[-0.49788875],[-0.80188488],[0.51579596],[-0.74812966],[-0.33752913]
[0.36264016],[-1.92454704],[-0.09443954],[0.11868078],[0.06976999],[0.35859795],[-0.43699228]
[-0.16999947],[-1.5521751],[1.38908506],[0.59230251],[0.02480635],[-0.26741952],[-0.20252034]
[0.49760576],[-2.17217252],[0.66011549],[0.62328271],[-0.4671802],[-0.00395814],[0.74963167]
[-0.0180188],[-1.17703679],[0.06304786],[0.10266863],[-0.07376457],[-0.4521515],[0.00897463]
[-0.43346879],[-0.11723401],[-1.28224752],[-1.37189819],[0.30966038],[1.00124226],[0.01680461]
[0.59288081],[-0.32348963],[-0.82300636],[0.305949],[0.67689349],[-0.58866687],[-0.91689686]
[-0.12292512],[-1.09310832],[-0.05092988],[0.037385],[0.54079585],[0.29054895],[0.67777912]
[0.57547743],[-0.5024457],[-0.33019797],[0.06734586],[0.76245782],[0.07738926],[-0.30319278]
[-0.64808128],[-0.72604653],[0.97884175],[0.3330532],[-0.40894375],[0.46390405],[0.2868441]
[-0.11388475],[-1.0065569],[0.33346653],[-0.6218217],[0.93198859],[-0.33475524],[0.46755427]
[0.84300939],[-0.40190688],[-1.18330312],[0.59202033],[-0.19938137],[0.5419124],[-0.81803492]
[1.2314293],[-0.293606],[-0.4214786],[-0.08945911],[0.18354201],[-0.77460307],[0.61527758]
[1.40529002],[-0.9857949],[-2.19715632],[-0.98730206],[-0.0288171],[0.71281635],[1.00307279]
[0.8583008],[-0.84510582],[-0.57025485],[0.37992366],[-0.12991449],[-0.60327692],[0.04086193]
[0.57710061],[-1.08970106],[0.29721979],[-0.08883698],[0.15847288],[0.4126907],[1.08793836]
[0.47100843],[-0.60443152],[-0.76394027],[1.01030724],[-0.41722467],[0.07246403],[-0.50495452]
[0.36561769],[-0.57910928],[-0.65712377],[-0.39397769],[-0.13025191],[0.63952556],[0.15578876]
[-0.46689478],[0.35335039],[-0.69160807],[0.27302521],[-0.06622225],[-0.56080274],[0.54525485]
[-1.14607405],[0.70309173],[-0.41295697],[-0.36263429],[-0.32865887],[0.81207756],[-0.07920593]
[-0.18439832],[0.25273235],[0.21185278],[0.64808162],[-0.23668943],[-0.93887925],[0.05213157]
[-0.45861521],[-0.28992451],[0.15882499],[-0.45361738],[0.33335352],[0.43669684],[-1.17928456]
[0.64856025],[0.57710243],[-0.89277677],[-0.50163209],[0.58159976],[-0.50598346],[-0.18832331]
[0.30797595],[-0.47064096],[0.31985564],[-0.5105802],[0.82303457],[0.0823227],[-0.1245027]
[0.0834181],[-0.14857349],[-0.33682615],[-0.56303839],[0.50974102],[-0.36593093],[-1.0194049]
[-0.08574049],[0.9854795],[-0.96328746],[0.55587564],[0.08633834],[0.55415312],[0.64200398]
[0.13096849],[0.87254655],[-1.02792843],[0.307124],[-0.09279043],[-0.49244053],[-0.19275852]
[-1.09647359],[0.83789084],[-0.75110036],[0.6719572],[0.43483888],[0.56664356],[0.4031175]
[0.73654249],[0.39727813],[0.50041071],[-0.30905167],[-0.13311473],[-0.53459571],[0.53432101]
[0.65599373],[0.55571485],[-2.07318488],[-0.02636718],[0.58313847],[0.30235789],[-0.31731203]
[1.06225025],[0.56139002],[0.05747942],[0.03430614],[0.79890879],[-0.22755736],[-0.32309871]
[-0.30182948],[1.02776804],[-0.04198848],[-0.65330192],[0.42713682],[0.32923767],[0.07604013]
[-0.81344431],[0.21487744],[0.31257853],[-0.89732314],[-0.29656142],[-0.36298636],[-0.67167164]
[-1.16301943],[0.35334438],[1.80643211],[0.67631719],[-0.04304713],[0.32661107],[0.98016679]
[-0.36306831],[0.81089985],[-0.98522203],[-0.48900373],[-0.24522477],[-0.55650124],[-0.81304301]
[-0.73548935],[0.68715446],[-0.22084334],[-0.16818668],[-0.4686338],[0.55814762],[-0.92889012]
[-0.95994728],[0.24913159],[0.31435387],[-0.72068592],[0.38516866],[-0.50330639],[0.27850237]
[-0.72530665],[0.63960433],[-0.07028377],[-0.42470389],[-0.75933089],[0.21332742],[-0.62062684]
[-0.97026555],[1.35069275],[0.64138181],[0.14624183],[-1.12175135],[-0.44837114],[0.0116483]
[-0.82213914],[0.69559652],[-0.02420241],[0.17987967],[0.72647025],[0.23809355],[0.07128184]
[0.57788891],[1.10260062],[-0.63004754],[0.01990801],[0.72202367],[-0.38008973],[-0.38451627]
[-1.16564279],[1.48577304],[-0.08420653],[0.14808742],[-0.78789562],[0.09964618],[0.17139524]
[-0.00391474],[1.23680134],[-0.68290877],[-0.19574445],[0.08418079],[-0.43782827],[0.60325766]
[-0.75216815],[1.33592253],[-0.15075109],[-0.04773649],[-0.31390373],[0.39883497],[-0.69028085]
[-0.51194978],[1.97294228],[-0.84297527],[0.04826229],[0.42230144],[-0.18732321],[-0.32616587]
[-0.21837509],[1.34072017],[-0.48185002],[-0.15120645],[0.04521362],[0.10642873],[-0.0227825]
[-0.33904758],[0.21103289],[0.15400781],[-0.07910993],[-0.09309849],[-0.24961111],[-0.42013577]
[0.5537394],[0.6876379],[0.6080678],[0.01906901],[-0.10256284],[0.35743621],[0.07759213]
[0.00681042],[1.09806281],[0.16333258],[-0.13651229],[-0.68728884],[-0.32521437],[0.91102858]
[-0.58794904],[0.37136217],[-0.53224746],[0.02827229],[-0.8960019],[0.44230847],[-0.59549352]
[0.09443511],[0.4722933],[0.26789113],[0.08951246],[-0.5231273],[-0.32071889],[0.11791571]
[0.77797696],[0.92414213],[-0.58486176],[-0.4478534],[-0.34755879],[0.30025207],[0.70575132]
[-1.0188634],[0.13571026],[0.02482157],[0.07815157],[-0.09633245],[-0.22992279],[-0.26894888]
[-0.52734943],[0.40469557],[0.37228533],[-0.33114661],[-0.56008623],[0.05375618],[-0.51221422]
[-1.17843141],[1.04714251],[0.59992871],[0.30104796],[-0.14558864],[-0.27081045],[-0.13025151]
[-0.84417923],[0.41011553],[0.0537861],[-0.47524822],[-0.37295423],[0.34128509],[-0.66045016]
[-0.47579757],[0.54143516],[0.49808669],[0.36532403],[-0.54278994],[-0.17924959],[0.18100485]
[-1.07734376],[1.15618141],[-0.04848636],[-0.31260002],[0.12902129],[0.32160262],[0.07591072]
[-0.84483837],[-0.01195608],[0.75612885],[-0.13434121],[-0.36289208],[-0.32742022],[-1.09154467]
[-0.09613606],[-0.19559265],[0.48337183],[-0.07763904],[-0.8888247],[0.08014464],[0.34405276]
[0.41785652],[-0.01843062],[-0.160084],[-0.2902493],[0.38095077],[-0.22215858],[-0.02975]
[-0.87863389],[0.45614299],[0.32404715],[0.17135475],[0.15177056],[0.07677936],[0.72968085]
[-0.09990233],[0.02284097],[-0.03993754],[-0.39033424],[-0.46202469],[-0.14890828],[0.63967295]
[-0.73771563],[-0.22052349],[0.0403108],[0.08706027],[-0.57593799],[0.18623062],[0.0980099]
[-0.71640741],[0.18027388],[0.20685873],[-0.49538293],[-0.24122948],[-0.22586212],[0.31312455]
[-0.22004094],[-0.15323635],[0.04146797],[-0.02928959],[-0.87374485],[-0.00736126],[0.05845517]
[-0.11937346],[-0.72505668],[0.35187367],[-0.63198553],[0.14787669],[-0.2517202],[0.1901383]
[-0.08489404],[-0.60811138],[1.07469094],[-0.42305677],[0.14705015],[0.1069326],[-0.03826001]
[0.02503251],[-0.76298196],[0.78992942],[0.34352622],[-0.17232023],[-0.10019252],[-0.04605579]
[-1.06521436],[-0.45755647],[-0.08723963],[-0.3177372],[-0.23551193],[0.14605363],[-0.24045532]
[-0.80048711],[-0.21779177],[1.58500549],[0.92579401],[0.13357722],[-0.15174896],[0.22717979]
[-0.57561303],[-1.15595336],[0.16276376],[-0.44278338],[-0.40565872],[0.16082501],[0.23122172]
[-0.7196499],[-1.21827343],[0.72849035],[0.2979122],[-0.10236504],[-0.16125048],[-0.34192524]
[-0.21518072],[-0.34224998],[-0.26415315],[0.62498615],[0.64151528],[0.08431],[-0.36004167]
[0.66368402],[-0.56719967],[-0.31300848],[0.33613645],[0.32731226],[-0.10719238],[0.12535323]
[0.04741495],[-1.20609209],[-0.29495462],[-0.53505657],[0.34089425],[-0.0166096],[0.1897682]
[-0.25792531],[-0.79266374],[0.85836473],[0.41643574],[0.35272842],[-0.04450596],[0.07545703]
[-0.10079534],[-0.51195991],[0.35685734],[0.1974965],[-0.2627622],[0.1011385],[0.12340121]
[-0.11268234],[-0.50547731],[-0.42110293],[0.27501917],[0.17375621],[-0.06230225],[-0.25010004]
[0.76293355],[-0.77969654],[-0.00768235],[0.36882297],[0.66332302],[0.03015891],[-0.04949137]
[0.20790776],[-0.77680846],[0.34747061],[-0.04894182],[0.03771097],[-0.13230678],[0.71124237]
[-0.06339043],[-1.5425248],[-0.0178119],[-0.6085498],[-0.26910864],[0.05717418],[-0.17386786]
[0.24258616],[-0.99037007],[-0.14606784],[-0.12059688],[0.11356878],[-0.05412567],[-0.24774624]
[-0.32830877],[-0.69949386],[0.51317562],[0.41632207],[-0.2138854],[0.06810905],[-0.23424252]
[0.12742919],[-1.63716526],[0.69346266],[-0.29155952],[-0.44481907],[-0.04917416],[0.06268586]
[0.81005196],[-1.3013631],[0.4410188],[0.39668898],[-0.20846967],[-0.01798752],[0.33789634]
[-0.39297373],[-0.53816357],[0.750768],[0.80051733],[-0.49988362],[-0.06894849],[0.17595468]
[-0.77650363],[-0.52267121],[-0.49612088],[-0.1902778],[-0.27093618],[0.04121193],[-0.40558932]
[0.19098623],[-0.31702188],[-0.16801756],[0.047967],[0.15292865],[-0.03785669],[-0.26843836]
[-0.36649996],[-0.80147182],[0.18361887],[-0.95244772],[0.19127228],[0.00358237],[0.08387573]
[0.02042862],[-0.98899865],[-0.0493313],[0.17005064],[0.57970811],[-0.02402644],[-0.39253952]
[-0.42522923],[-0.94758222],[0.5848509],[0.09426926],[0.3937355],[-0.00838695],[-0.12449656]
[-1.16685136],[-0.23409363],[0.3528829],[-0.05009228],[-0.31728764],[-0.01649318],[-0.19817677]
[0.40470614],[-0.73328245],[-0.27297363],[0.26478017],[-0.34949195],[-0.00678034],[-0.4821719]
[0.55541673],[-0.55529235],[-0.76608257],[-0.18412228],[0.00877778],[-0.00609525],[0.28885807]
[0.18668329],[-0.51165824],[-0.32485487],[-0.36677294],[-0.24000277],[-0.02039727],[-0.56140105]
[0.3056651],[-0.76248267],[0.71455541],[1.07031597],[-0.20861098],[0.01021263],[0.44151291]
[0.3646707],[-0.88487598],[-0.99819232],[-0.20446724],[0.56693539],[-0.023427],[-0.48453227]
[1.73846175],[-0.65231812],[-0.09746524],[0.76461275],[0.34578598],[-0.00869717],[-0.01917549]
[0.61097918],[-0.28363383],[-0.75452045],[0.24634497],[0.03498194],[-0.04553036],[0.08180487]
[0.23715926],[0.09467192],[0.1665507],[-0.19078819],[-0.64212966],[0.03030468],[0.12934539]
[-0.36197392],[0.08264309],[-0.40498392],[0.45543029],[-0.27168818],[-0.06379548],[-0.0972178]
[-0.00269396],[-0.13978051],[-1.21921022],[-0.87690006],[-0.3357104],[0.0710435],[-1.10391875]
[-0.30721134],[-0.22037785],[1.22570051],[0.56122707],[0.12102684],[-0.09880474],[-0.55820731]
[0.74052196],[0.17882058],[-0.93095138],[-0.42555949],[0.46147344],[0.0427168],[-0.49959062]
[-0.24494512],[-0.31057076],[-0.71942317],[-0.38969568],[0.26027737],[-0.04675609],[0.08585073]
[0.18866257],[0.02502927],[0.1171294],[0.60564506],[0.28085928],[0.06935506],[-0.09558777]
[0.17340134],[0.72426224],[-0.24858149],[0.44829909],[0.07176623],[-0.11615567],[-0.78012485]
[-0.45023934],[0.54420668],[-0.82169381],[-0.31589486],[0.10858946],[0.00841918],[-0.58845032]
[1.04044547],[0.39899913],[-1.01167711],[0.06108522],[-0.33574883],[-0.12702295],[0.59203834]
[0.4217801],[0.37461689],[-0.45660498],[0.07889752],[-0.18533245],[0.03948758],[-0.3832441]
[-0.48555183],[0.58427589],[-0.4116317],[0.02588941],[0.14435369],[-0.09799917],[-0.85037307]
[0.8579237],[0.92297546],[-1.12973689],[0.38342929],[0.36514255],[0.12631231],[0.06128463]
[-0.11929494],[0.63413112],[-0.41622722],[-0.28515137],[0.21683557],[-0.05583489],[-0.37148412]
[-0.50799155],[0.24307317],[-0.18760045],[-1.43950676],[-0.08776724],[0.15458497],[0.22089589]
[-0.01276506],[0.61077606],[-0.31831782],[-0.37141892],[-0.0318245],[-0.08746969],[0.39528635]
[-0.41941596],[0.85474117],[0.12376563],[0.47910642],[-0.21972151],[0.16796903],[-0.5198988]
[0.29636889],[0.69635586],[-0.64104143],[0.46737585],[-0.25228399],[-0.16160946],[-0.13553858]
[0.18386896],[0.78576088],[-0.71665232],[-0.33660011],[-0.11155761],[0.24022462],[-0.7343201]
[-0.16335218],[0.32283852],[0.00930616],[-0.83614537],[0.0605186],[-0.17519133],[-0.0364837]
[-0.91453138],[1.07311085],[-0.16140646],[0.23395652],[-0.65154866],[0.24416911],[-0.17559502]
[-0.43202218],[1.30573868],[-0.12202363],[-0.035972],[-0.13107158],[-0.21743148],[-0.74154763]
[-0.24989807],[0.96324123],[-0.60169075],[0.26703962],[0.3815597],[0.18529181],[-0.03659434]
[0.1032281],[0.91977458],[-0.0069011],[-0.04645117],[-0.6070938],[-0.0910823],[0.07184621]
[-0.50346712],[1.24975692],[-0.44715794],[-0.11572659],[-0.12393921],[0.20120401],[0.15662608]
[-0.53694335],[1.78951759],[-1.18517429],[-0.11300316],[0.24904554],[-0.16495732],[-0.62887262]
[-0.50828829],[1.61623774],[-0.44100945],[0.09790288],[0.18217032],[0.2032941],[-0.80676281]
[-0.59739423],[1.13511448],[-0.11136121],[-0.43828764],[-0.36589746],[-0.19954141],[0.3285183]
[0.87723833],[0.57301008],[0.05716952],[-0.20377194],[-0.18952753],[0.18385066],[-0.39499747]
[-0.08301394],[0.59489705],[0.70832868],[0.1594387],[-0.29051028],[-0.25772812],[0.95659686]
[-0.03079271],[0.68697524],[-0.5187027],[-0.12480086],[-0.62929022],[0.32232217],[-0.22991429]
[-0.98800736],[0.64444243],[0.89194262],[-0.00546918],[-1.04246989],[-0.29697979],[-0.79045546]
[0.72630638],[0.68449662],[-0.43422401],[0.08081746],[-0.51909614],[0.23799188],[0.29759489]
[-0.34492857],[0.54460002],[-1.07284383],[-0.97516374],[-0.48541995],[-0.27006584],[0.08872207]
[-0.04838761],[0.87371543],[0.85117117],[0.24690792],[-0.42480787],[0.24126793],[0.126315]
[-1.13536525],[0.71555188],[0.12491689],[-0.22293536],[-0.54688699],[-0.19465964],[0.19438871]
[-0.27596464],[0.34170068],[0.30241334],[0.09453396],[-0.13655055],[0.32489226],[-0.55762089]
[-0.85623129],[0.66302115],[0.28035438],[-0.2444857],[-0.34050297],[-0.28890487],[0.00844463]
[-0.42895217],[0.74343393],[0.17366553],[-0.145104],[-0.5090068],[0.3828128],[0.02318188]
[-0.77790479],[0.68180203],[0.62783727],[0.03359386],[-0.13558247],[-0.31531153],[0.23787889]
[-1.03994461],[0.40954409],[0.14800623],[-0.41087705],[0.18669486],[0.12923345],[-0.07789538]
[-0.69135081],[0.42700866],[0.34400749],[-0.33661957],[-0.53783737],[-0.26857695],[-0.61945096]
[0.62331228],[-0.03695751],[0.42353218],[-0.24462609],[0.28304194],[0.1368862],[-0.09071494]
[-0.43526884],[0.56935271],[-0.14346288],[0.17471498],[0.11135191],[-0.14808922],[0.4058354]
[-1.0706053],[-0.0280591],[-0.32076663],[-0.09766251],[-0.28031476],[0.22703782],[0.20084531]
[-0.95219841],[-0.40643391],[0.48298036],[-0.52096285],[-0.65368544],[-0.26046085],[0.23731571]
[-0.34915813],[0.39132244],[-0.37594575],[-0.44823564],[-0.62049603],[0.24609417],[-0.25005133]
[0.18547478],[-0.12128486],[-0.15248934],[-0.38013673],[0.06232886],[-0.43824178],[0.20275802]
[-0.39337335],[-0.52492007],[0.79845396],[-0.02692902],[-0.25643948],[0.15193125],[0.43150121]
[0.0173414],[-0.59601282],[0.43811145],[-0.31232089],[-0.42258881],[-0.32934312],[0.06120393]
[-0.08329502],[-0.5000071],[0.49826861],[0.17705342],[0.40338528],[0.2034559],[-0.35559031]
[-0.65652072],[-0.14227129],[0.3055905],[-0.51073364],[-0.04843395],[-0.18500638],[-0.46492357]
[-0.89443847],[-0.53381088],[0.64642815],[-0.81992725],[-0.62937814],[0.33214975],[0.33916112]
[-0.37123921],[-0.7965586],[0.51954407],[-0.38017003],[-0.29477163],[-0.30404778],[0.0017391]
[-0.25963109],[-0.59950815],[0.84340657],[0.72875058],[0.02554717],[0.460442],[-0.24194537]
[-0.00985493],[-0.63625749],[-0.69625742],[0.54189905],[-0.09625929],[-0.3809709],[-0.23478984]
[0.65040552],[-0.80058699],[0.64062426],[0.23109429],[-0.07033396],[0.30560796],[-0.87920975]
[-0.79076358],[-0.76141955],[0.86287165],[0.32612685],[0.15654191],[-0.28367752],[0.46305372]
[0.66936746],[-0.90927398],[-0.65409043],[0.13290058],[0.15403562],[0.10314306],[0.05909741]
[-0.33702726],[-0.53774555],[0.77982835],[-0.01169324],[-0.39924107],[-0.18031191],[0.22129769]
[-0.82700062],[-0.10423544],[0.53670944],[0.20408295],[-0.10107628],[0.03912794],[-0.26861778]
[0.69880044],[-0.87027753],[-0.64138345],[-0.07975112],[0.40856971],[-0.46907919],[0.00561179]
[0.16326263],[-1.10520743],[-0.19811543],[-0.42163281],[0.23959096],[0.14336831],[0.66345027]
[0.56093625],[-0.87137315],[0.34853083],[0.59860555],[-0.16418794],[-0.44240846],[-0.07739054]
[-0.03564211],[-1.21730745],[0.33002582],[-0.27125318],[-0.15023814],[0.42085153],[-0.69685452]
[-1.06934108],[-1.06712238],[0.02710267],[-0.95253582],[0.11293699],[-0.41198077],[-0.10986248]
[0.68671456],[-1.23818994],[0.8724381],[0.50599928],[-0.31325896],[0.31387508],[-0.16207512]
[0.42633144],[-1.34750636],[0.6253117],[0.70006869],[-0.3450244],[-0.26999574],[0.5110344]
[-0.43561848],[-0.97609941],[0.14842677],[-0.0951475],[-0.14046693],[0.54639931],[0.00207538]
[-0.19215542],[-0.37064803],[-0.32722589],[0.07290418],[-0.18498443],[-0.42058142],[-0.08386811]
[0.04278505],[-0.38745766],[-0.62098333],[-0.23843891],[0.57941795],[0.48100806],[-0.28450552]
[-0.3333568],[-0.99923679],[1.01725628],[-0.23178994],[0.12350026],[-0.09381706],[0.27899388]
[0.52113239],[-0.87159596],[-0.82205103],[-0.02593788],[-0.04763614],[0.18127345],[0.57264729]
[-1.01146382],[-0.76615957],[0.17737396],[-0.31899124],[-0.01774294],[-0.36038045],[-0.41150192]
[0.21505247],[-0.67811884],[0.4426447],[0.81953456],[0.34438617],[0.5573561],[-0.4344796]
[0.07038679],[-0.70923706],[-0.23667972],[-0.02673492],[0.41611831],[-0.61938932],[-0.33080886]
[0.42153392],[-0.45599482],[-0.43256772],[-0.04375456],[0.27769607],[0.33066449],[-0.09170174]
[0.0999758],[-0.58802961],[-0.74149508],[-0.09541332],[0.11109873],[-0.61702001],[-0.06777098]
[-0.14498406],[-0.81651721],[0.18903337],[-0.36803492],[0.14558549],[0.37954185],[-0.5428763]
[0.58016836],[-0.45710837],[0.01952544],[0.88710482],[0.72975006],[-0.12815099],[-0.15639539]
[1.5587284],[-0.68496584],[-0.82880894],[0.63598448],[0.35377694],[0.38802599],[-0.55182787]
[0.760563],[-0.18478102],[-0.18301461],[1.45606755],[0.0436631],[-0.60182626],[0.02813519]
[-0.38607638],[-0.16953637],[-0.57233707],[-0.99576273],[-0.40129076],[0.33083429],[0.55644783]
[-0.12013525],[-0.24883669],[-0.48588228],[-0.39534281],[-0.05959655],[-0.49361889],[-0.92195082]
[-0.06024774],[-0.61514978],[0.15209219],[-0.2311951],[-0.05513181],[0.75639688],[-0.09167878]
[0.0545771],[0.26109213],[0.01341008],[-0.42697244],[-0.02984253],[-0.43513318],[-1.12532132]
[-0.16368786],[0.46375742],[-1.06540742],[0.01825792],[0.28764654],[0.43966393],[0.25690382]
[0.09072457],[-0.36040859],[0.64264161],[0.97031967],[0.41407301],[-0.43786817],[-0.50029644]
[0.5784104],[-0.14173722],[0.07263095],[0.28556757],[0.08779715],[0.57388578],[-0.77233924]
[-1.08709416],[1.04265609],[-0.61542571],[-0.10093466],[-0.41108157],[-0.4019432],[-0.40520752]
[0.50248394],[0.3904427],[-0.1355988],[-0.19848098],[-0.05113278],[0.52182012],[-0.90948041]
[0.63101621],[0.47619735],[-0.31109933],[0.46041466],[-0.18501627],[-0.27667564],[0.45352785]
[-0.9158865],[0.4420801],[-0.80033382],[0.23782364],[-0.04140504],[0.67368071],[0.12648137]
[0.93983948],[0.4147491],[-0.81093461],[0.08141491],[0.04258299],[-0.2789028],[-0.38736469]
[0.54690601],[0.84340424],[-1.09933792],[0.33113682],[0.03055895],[0.35375587],[-0.27376291]
[-0.70191194],[0.99998789],[-0.36750672],[-0.87446788],[-0.12614734],[-0.95761022],[0.3340678]
[-0.20490059],[0.58065384],[0.28962199],[-0.6582971],[-0.29273235],[0.32851046],[0.45756747]
[-0.8361041],[0.70140102],[-0.72316005],[-0.13343734],[-0.61755096],[-0.39722878],[-0.24423875]
[0.8872141],[0.8678295],[-0.38198285],[0.61592718],[-0.56381346],[1.00465781],[-0.52045762]
[-0.44610353],[0.73460469],[-0.38660575],[-0.5741337],[-0.11947809],[-0.38839112],[-0.43378529]
[-0.19017968],[0.36542834],[0.378496],[0.54059967],[-0.34360735],[0.97402764],[-0.52820235]
[0.28395279],[0.35432023],[-0.58276942],[-1.09765163],[0.10845204],[-0.89659038],[0.24153592]
[-0.89622112],[1.11259629],[-0.60516802],[0.13525849],[-0.28934792],[0.96001262],[-1.07410526]
[-1.05935412],[1.49762155],[0.9483176],[-0.03311101],[-0.55590927],[-0.54768099],[-0.50217912]
[-0.12228081],[1.19949648],[-0.59753324],[-0.17202097],[-0.33483143],[0.86974781],[0.07589928]
[-0.12446643],[1.45316343],[-0.49785171],[0.08820725],[-0.53850872],[-0.20381968],[0.65816202]
[-0.27374566],[1.10475109],[-0.49635997],[0.23471565],[0.09322081],[0.53935789],[0.48493708]
[-0.62491606],[1.24754665],[-0.69197353],[0.08162912],[-0.062244],[-0.72489268],[-1.15739473]
[-0.61648447],[1.71124399],[0.12368828],[-0.42373595],[0.05097275],[0.70911377],[-0.53181195]
[0.24461647],[1.06537136],[-0.81314466],[-0.57426051],[0.09116958],[-0.60676855],[0.45416998]
[0.13709987],[0.57017338],[0.27735087],[-0.035873],[-0.07683796],[0.91729552],[-0.52549017]
[-0.50398396],[0.88174126],[0.59044091],[0.3115998],[-0.15257272],[-0.13553911],[0.19562456]
[-0.21453859],[0.99470988],[-1.10386227],[0.00220811],[-0.47333248],[0.85982279],[-0.36680078]
[-1.04675892],[0.52181489],[0.36959437],[-0.14506148],[-1.10655951],[-0.89145488],[-0.2253149]
[0.57684752],[1.05293322],[-0.44036813],[-0.09931317],[-0.41113064],[0.61235406],[0.73081265]
[0.35855757],[0.79236255],[-0.56734182],[-0.29792057],[-0.26505002],[-0.3634972],[-0.34733021]
[-1.11608006],[0.509744],[-0.46605462],[-0.19478703],[0.12231521],[0.73988099],[0.26635873]
[-0.64482221],[0.85634391],[0.00017074],[0.30962007],[-0.09608517],[-0.87089961],[0.26537535]
[-0.20448334],[0.74300708],[0.70567894],[-0.12936975],[0.06064336],[0.67183213],[-0.54870335]
[-0.67201696],[0.83852205],[-0.63256311],[-0.24102061],[0.46276035],[-1.01337463],[0.13693631]
[-0.92901271],[0.73584696],[-0.04570945],[-0.511811],[-0.62991708],[0.64420661],[0.13485424]
[-1.00023269],[1.09923278],[0.38309512],[0.02630608],[-0.53668857],[-0.58197779],[-0.5845178]
[-0.71026034],[0.53176495],[0.05556229],[-0.79899748],[-0.32998156],[0.8739164],[-0.38713893]
[-0.33194931],[0.16064274],[0.0875445],[-0.38908624],[0.22587509],[-0.35982699],[-0.81707174]
[-0.08108304],[0.27948582],[-0.03968899],[0.04269611],[0.25022373],[0.8321742],[0.57703171]
[-0.79694378],[0.23706309],[0.40301878],[0.3091033],[0.474908],[-0.42498824],[0.78600697]
[-0.93941093],[0.25590202],[-0.27531761],[-0.52460469],[-0.2205583],[0.09332545],[-0.16965274]
[-0.35684388],[0.01482226],[0.38678121],[-0.56458796],[-0.53370381],[-0.82193737],[0.40505043]
[-0.11356333],[0.1765281],[-0.53047668],[-0.78116727],[-0.39169681],[0.44916379],[-0.24991187]
[-0.76919472],[0.13959621],[0.06759065],[-0.77134348],[-0.08476854],[-0.34639174],[0.0622019]
[0.74591603],[-0.255325],[1.01031107],[0.92104024],[-0.21483451],[0.98062691],[0.67656238]
[-1.12248557],[-0.48088919],[0.22437589],[-0.80180865],[-0.18768056],[-1.07755883],[0.35166105]
[-0.47853432],[-0.80820245],[0.60896734],[-0.18382803],[-0.50694917],[0.64110424],[-0.79423966]
[-1.01901979],[-0.14714243],[0.57566608],[-0.72530352],[-0.14894785],[-0.26761994],[-0.35379908]
[-0.36779887],[-0.14237787],[1.26867519],[-0.14270014],[-0.55163872],[0.84566171],[-0.47210354]
[-0.49719635],[-0.9620056],[0.41627888],[-0.51382835],[-0.57413916],[-0.02730919],[0.09013595]
[-0.56122057],[-0.58308778],[0.39112286],[0.63475506],[-0.45124832],[1.15559565],[-0.69292779]
[0.08268922],[-0.60256663],[0.198805],[0.52459978],[-0.1055487],[-0.46532154],[-0.32302319]
[-0.21865447],[-0.9014292],[-0.51736367],[-0.49350922],[-0.1882865],[0.60336441],[-0.24509532]
[-0.24613268],[-0.78697655],[1.50869408],[0.60468805],[-0.20936381],[-0.8873066],[0.7878748]
[0.04605089],[-0.49102732],[-0.69566634],[-0.66074107],[-0.25412579],[-0.16651103],[-0.07350764]
[-0.78307258],[-0.67509245],[0.38278818],[0.05799761],[-0.57579554],[-0.83257567],[-0.24449823]
[-0.49335257],[-0.51231492],[0.77722844],[-0.26411091],[0.36217016],[0.15678597],[0.51872886]
[0.82918692],[-0.52246037],[-0.31917223],[0.51293243],[0.16934522],[-0.16880679],[0.05416005]
[0.08375293],[-1.15462733],[-0.40515377],[-0.98581533],[0.12302803],[0.88264486],[0.09559143]
[0.68518773],[-1.08132893],[0.59940317],[0.8145593],[0.02137051],[-0.82502523],[0.12262034]
[-0.80469768],[-0.90967265],[0.02434451],[-0.27201144],[-0.29477071],[0.79287351],[-1.05736492]
[-0.29241477],[-1.28242977],[0.50203772],[-0.82846308],[0.10816399],[-0.61296557],[-0.10930737]
[0.22007381],[-1.26213859],[0.26076266],[0.06541427],[-0.44238667],[0.05493881],[-0.18005963]
[0.71294444],[-1.51780817],[1.13717873],[0.46906563],[-0.67968208],[-0.57859343],[0.28386795]
[-0.66015245],[-0.96214488],[-0.00192765],[0.27956332],[0.06643444],[1.1980348],[0.3287492]
[0.09238289],[-0.65426127],[-0.8883825],[0.08533497],[0.04911184],[-0.74318126],[0.51706314]
[-0.00017034],[-0.52629479],[-0.03612837],[-1.21832149],[0.54629724],[1.1241701],[-0.82843005]
[0.31012051],[-0.53956925],[0.12355391],[-0.43012865],[0.76890875],[-0.62016054],[-0.42472921]
[0.24401228],[-0.72064834],[0.25499223],[0.8752119],[0.45664315],[-0.0619432],[-0.8547242]
[-0.42585818],[-0.62521727],[0.14449864],[0.44295952],[0.03305726],[-0.01721504],[0.49714433]
[-0.9973177],[-0.89510618],[0.15436944],[-1.04786182],[0.45070443],[1.2163485],[-0.86746737]
[0.4358132],[-0.89841586],[-0.65963034],[0.64651569],[-0.10144411],[-0.09728187],[-0.70437609]
[0.56705801],[-0.75864832],[-0.40516742],[-0.43021372],[0.26430318],[0.99638651],[-0.32183608]
[0.19414367],[-0.55976774],[-0.7291513],[-0.19986803],[-0.19247496],[-0.8132206],[0.36535218]
[0.24842062],[-0.38663885],[-0.05546732],[0.52427927],[0.06244439],[0.76231522],[-0.40040505]
[0.41597476],[-0.78780495],[-0.3652476],[-0.03663899],[0.48437013],[-0.47265649],[0.09363159]
[1.48430141],[-0.75872105],[-0.67331424],[-0.12745895],[0.06930202],[0.44364413],[-0.39026149]
[1.20329723],[-0.17812946],[-1.02165758],[0.2702319],[0.14030008],[-0.34998858],[0.32966108]
[0.48800848],[-0.42431919],[0.64833821],[-0.58822179],[-0.33568984],[0.75417971],[0.36630146]
[-0.46407475],[-0.4742179],[-1.03745077],[0.21116674],[-0.37851666],[-1.1498148],[-0.45212425]
[0.3634266],[0.0745333],[0.373606],[1.044969],[-0.20193537],[0.79140015],[-0.95887401]
[-0.3711906],[-0.09479356],[-0.26847746],[0.4068019],[-0.29221782],[-1.35582873],[0.20524317]
[-0.22472021],[-0.07307753],[-1.48153697],[-0.66379108],[0.56449658],[0.84876058],[-0.44174424]
[-0.19515855],[-0.2241476],[0.556547],[0.21758871],[0.21719266],[-0.63415092],[0.18158669]
[-0.10351103],[0.34604344],[-1.09181892],[0.26545756],[0.28000014],[0.66065802],[-0.55314618]
[0.17290408],[0.7984647],[0.2174191],[0.46321987],[0.06533246],[-0.59475929],[-0.82608593]
[0.69003361],[0.30965985],[-0.04581383],[-0.58773729],[-0.89510422],[0.08624012],[-0.05106193]
[0.26884204],[0.24855704],[-0.89622256],[0.38040649],[0.02677911],[-0.99546581],[0.0043706]
[0.45088046],[-0.25370745],[-0.67562599],[0.53748672],[0.20604856],[1.21726442],[0.41807774]
[0.35657329],[0.44286199],[-1.57329709],[-0.26672135],[-0.01738374],[-1.36806726],[0.92502671]
[-0.06738907],[1.0558056],[-1.23018774],[-1.12304403],[0.08708362],[0.19710689],[-1.05506491]
[-0.90863868],[0.81318642],[0.16742454],[0.78311636],[-0.1498445],[-0.86568122],[0.48737681]
[-0.77251712],[0.64059674],[-0.11830196],[-1.01707688],[-0.38261542],[0.7140455],[0.20218427]
[-0.73922577],[0.784958],[0.05483312],[-0.41847226],[-0.35690981],[-1.04977584],[-1.02157563]
[0.33710598],[0.52154954],[-1.3151101],[0.812247],[-0.66437406],[1.16177311],[-0.12771989]
[-0.69235372],[0.25642664],[-0.45039481],[-0.72769118],[-0.38622751],[-1.03718824],[-0.95584332]
[1.00424328],[0.53605772],[0.65920749],[0.23516879],[-0.85236269],[1.76771335],[0.2836673]
[0.46450686],[0.17163424],[-0.72352533],[-0.63857178],[-0.86300021],[-1.36555507],[-0.72229637]
[-1.06474634],[0.56469748],[-0.05370611],[-0.28885931],[-0.47853503],[0.77248381],[-0.2974009]
[-1.04854378],[1.58181308],[-0.36873376],[-0.25225339],[-0.41237665],[-0.70765525],[-0.12244453]
[-1.11138396],[1.41664847],[0.27047461],[-0.05351892],[-0.07911838],[0.7788061],[0.05264635]
[-0.83689221],[1.06991222],[-0.27574963],[0.04020481],[-0.69700372],[0.06666293],[-0.08765887]
[-1.07115905],[1.57469478],[-1.83529408],[0.13532627],[-0.11774125],[1.4430882],[0.19256206]
[-0.29505657],[1.94757868],[-0.18554349],[-0.70810165],[-0.08185879],[-0.99298412],[-1.00772634]
[-0.72873131],[1.23710731],[-0.49884785],[0.36111535],[-0.2917659],[0.92659439],[-0.06279876]
[0.11711603],[1.20688762],[-1.10254103],[-0.44126121],[0.275736],[-0.41874622],[-1.19491571]
[-0.89954367],[0.62568461],[0.95867976],[-0.64921856],[-0.64272109],[0.67959477],[0.52075366]
[-1.00536361],[0.7021141],[-0.08594793],[0.69545958],[-1.07477782],[-0.12805781],[0.10565363]
[-1.00914815],[0.3224035],[0.71061085],[-0.53364922],[-0.22089383],[1.7872545],[0.49125865]
[-1.08357429],[1.25312925],[-0.0434503],[-0.14335113],[-0.24707472],[-0.68013698],[-0.84086624]
[0.36918355],[0.85489957],[-1.37019508],[-0.21840091],[0.18072526],[0.60410696],[-0.10301902]
[-0.8259087],[0.77204785],[0.02663214],[-0.27906873],[-0.37877876],[-0.76533733],[0.00295134]
[-1.02341339],[0.67529377],[-0.4962381],[-0.08970514],[-0.54614546],[0.77700446],[0.19060195]
[-0.80410855],[0.41185833],[0.47776402],[-0.19540865],[-0.32805384],[-0.61712419],[-0.51213626]
[-0.34224833],[0.32794675],[0.09709752],[-0.14894613],[0.15085692],[0.44782817],[0.11189847]
[-1.12670536],[0.81545787],[0.08804757],[-0.42087588],[-0.69473341],[-1.02174436],[-0.40136548]
[-1.03073137],[1.33097356],[0.63744916],[0.31898082],[-0.01620635],[1.28137527],[0.32056576]
[0.66574706],[0.67806271],[-0.27764892],[-1.34336014],[-0.55947012],[-0.88811679],[-0.29411074]
[-1.01186488],[0.33237591],[0.40669766],[-0.1964237],[-0.64427949],[0.92602521],[-1.15958524]
[-0.58294871],[0.1214119],[0.00407676],[-0.67972776],[0.11143504],[-0.18545223],[-0.29873579]
[-0.19972954],[-0.1322177],[0.23473271],[0.3980921],[-0.21424121],[0.0986862],[-0.47558146]
[-0.37563534],[0.40695203],[-0.22248317],[-0.18671002],[-0.43484518],[-0.28323078],[0.4409056]
[-0.99255872],[0.0931787],[-0.6064756],[-0.95165245],[-0.02016449],[0.25411829],[0.51155258]
[0.25676892],[0.04894384],[0.54921208],[0.10515876],[-0.76914933],[-1.0886757],[-1.20306475]
[-0.67752253],[0.04895941],[-1.14818879],[-0.56367227],[-0.77904865],[1.04206351],[0.52563466]
[-0.74437992],[-0.32062709],[-0.20695325],[-1.03711859],[-0.85959559],[-0.6442823],[-0.32284804]
[-1.14004533],[-0.65603245],[0.21812278],[0.57788259],[0.40097283],[1.23886174],[0.94787065]
[-0.99703283],[-0.94484121],[-0.49502163],[-0.55441944],[-0.44778254],[-0.99032936],[-0.20675085]
[-0.298344],[-0.16641801],[0.2727835],[-0.59372256],[-1.28107433],[0.99757292],[-1.18654948]
[-1.13655191],[0.87091078],[0.7180115],[-1.32578798],[-1.10378244],[0.67943371],[-0.77100297]
[-1.13641691],[-0.12174311],[1.97763716],[-0.07075804],[-0.85079842],[1.43964493],[-0.13274941]
[-0.54381108],[-0.74614938],[1.26352472],[0.56459342],[-0.6785074],[-0.77185278],[-0.35354387]
[0.62237038],[-0.92105906],[-1.36191789],[-0.03084504],[-0.48994046],[1.44116588],[-0.65543656]
[1.21944423],[-1.35661651],[-0.35612531],[-0.31439016],[-0.1259803],[-0.08244299],[-0.01032015]
[0.92624627],[-1.0209753],[-0.70095956],[0.4373497],[0.14310314],[0.37761037],[0.59675362]
[-1.02382444],[-0.08766499],[-0.04058021],[-1.22060507],[-0.19407671],[-0.24483655],[-0.1941663]
[-0.7381049],[-0.01831898],[-0.20973906],[-0.21037728],[-0.11672789],[0.54114552],[0.61794447]
[-0.85191115],[-0.22256755],[-0.41411508],[0.58057046],[-0.47576653],[-0.66143897],[-0.52417347]
[-0.73885085],[-0.05484869],[-0.01478131],[-0.56346816],[0.00573809],[0.58098221],[-0.18389544]
[1.40032504],[-1.10402937],[-0.73760163],[-1.36844495],[0.47778362],[-0.7593875],[0.28249923]
[0.76981946],[-1.72022912],[-0.54624718],[0.58176294],[0.53801496],[0.76213372],[0.0961962]
[0.66697745],[-1.10733912],[-0.14382762],[0.2873712],[0.34689079],[-0.55326767],[0.61003693]
[0.09763488],[-1.45090428],[-0.09926237],[-1.12530388],[0.16649168],[1.01084215],[-0.81190713]
[-0.46894567],[-1.5952846],[1.01598725],[-1.19001766],[-0.08193442],[-0.0127041],[0.89426733]
[0.63427499],[-1.89577538],[0.4795494],[-0.06126904],[0.10243122],[0.78162824],[0.32147493]
[0.53112533],[-1.6327539],[0.12333597],[0.17416407],[-0.33536116],[-0.86283946],[0.22572397]
[-1.14689581],[-1.75508896],[-0.23442732],[-0.4887679],[-0.26619171],[1.27088125],[-0.22459417]
[-0.09736302],[-1.71565077],[-0.73762323],[-0.12139425],[0.19135807],[-1.52530127],[-0.13179081]
[0.27307448],[-1.28293664],[-0.74502694],[-0.51527401],[0.56576555],[1.00883081],[0.04567441]
[0.09088805],[-1.9303693],[-0.21365201],[-1.98922229],[1.31248625],[-0.31089261],[0.52645338]
[0.07891588],[-1.05331128],[-0.7463012],[0.43510944],[1.77746585],[0.96391395],[0.16163523]
[-0.95301718],[-0.6283254],[1.16514657],[-0.15813659],[0.93807805],[-0.59027809],[-0.30484267]
[0.13332089],[-0.58478905],[0.35061131],[-0.79654411],[0.71648086],[1.26851758],[-0.56636142]
[1.73219295],[-0.73423794],[0.04776507],[-0.20591418],[0.99272956],[-0.87112827],[0.44618069]
[1.40574597],[-0.34845352],[-1.20318655],[-0.37902174],[0.52366478],[1.90691302],[-0.00087975]
[1.00695265],[-0.87671858],[-1.22008661],[-1.42741872],[0.73367579],[-0.5315243],[2.05388356]
[0.36196368],[-1.82847188],[-0.97081481],[-0.29797031],[1.18948189],[1.79590572],[-0.44956497]
[0.82485295],[-1.28791645],[-1.55295192],[-0.84369091],[1.77508175],[-0.71406559],[1.29581641]
[0.55201497],[-0.2120146],[-1.00865679],[-0.32448077],[1.35060114],[1.63203433],[0.8090598]
[-0.35411913],[-0.08015212],[-0.85943491],[-0.27672426],[1.25174825],[-1.95555675],[1.34029436]
[-0.52733844],[0.04086781],[0.09231472],[-1.31838657],[0.69519456],[2.10804726],[1.74185598]
[-0.65367985],[0.33790449],[0.33687369],[-1.08098654],[0.63471516],[-1.11092708],[-0.17171787]
[-0.059567],[-0.0859975],[-0.0262708],[-1.34140304],[0.88715485],[0.95160286],[-0.02452118]
[0.48204],[0.37244853],[0.38579688],[-1.49613102],[0.94392379],[-0.77079919],[1.07331118]
[0.53973124],[0.56572968],[-1.26345244],[-1.94645729],[1.5302529],[1.90098629],[-0.09240669]
[-0.28543457],[-0.55072866],[-1.5290037],[-1.67655159],[1.95786713],[-2.00354213],[1.76596964]
[-0.99139877],[-0.91260211],[-0.42450766],[-0.4077609],[2.1662801],[3.17756892],[0.13263924]
[-1.15624716],[1.78140773],[-2.25122078],[-0.41167189],[2.36437553],[-4.85586846],[4.19445486]
[2.78206712],[0.86064906],[0.00661077],[3.784408],[12.78636587],[6.87832147],[7.18872463]
[2.82123939],[0.34159523],[8.92060049],[0.05941536],[9.57034421],[-5.19375214],[8.17792595]
[0.60881249],[12.72921509],[-0.71751069],[19.00827286],[6.74402315],[-14.75155033],[16.82112197]
[3.23767019],[1.23265944],[11.51962373],[5.65279529],[2.24814046],[-1.82583097],[-0.68082864]
[0.11671078],[-1.81445707],[1.50598388],[0.30871308],[0.06573604],[-0.71901768],[0.28676517]
[10.34923213],[-4.14763045],[-2.62044985],[0.96629939],[-0.45005509],[1.0275652],[0.55765588]
[2.92483469],[-2.29168235],[-0.582291],[0.23745339],[-0.71419343],[-0.58605074],[-0.64139643]
[-0.68327755],[0.04661281],[2.18474627],[1.66813645],[0.11418081],[1.37812106],[-0.75184078]
[1.1463286],[1.0704016],[0.98459493],[1.79408835],[0.36252955],[-0.0770685],[-0.50025951]
[0.19088323],[1.44869856],[0.66350497],[0.80886325],[-0.08084427],[-0.39892791],[-0.37381764]
[0.22081746],[0.80465551],[-0.05549909],[0.59039927],[-0.67720378],[1.05413144],[0.31079628]
[1.43380419],[0.47136963],[0.08794613],[0.74877093],[-0.44200205],[-2.80638107],[-0.03106088]
[-0.02084769],[1.47313268],[-0.07132388],[0.48584924],[-0.22862757],[2.18605223],[0.63473297]
[0.17714463],[1.34347986],[-0.21436894],[0.76576946],[0.37770353],[-0.86771682],[-0.34887145]
[1.61778042],[0.27458188],[-0.07219792],[0.95948286],[0.93566965],[0.63713239],[0.17644151]
[1.92054034],[0.07445725],[-0.45666408],[0.7404978],[0.68310375],[-1.09990701],[0.43239503]
[1.44891938],[0.68332112],[-1.22127932],[0.93694938],[0.4739454],[0.96052527],[-0.3733326]
[-0.24930141],[0.67698316],[-1.7115402],[-0.14980465],[1.24112522],[-2.04566872],[1.6462178]
[-0.07935639],[0.63754997],[-0.95197324],[0.99834284],[1.10744731],[2.01769657],[0.26469157]
[-0.69641371],[0.07373066],[1.46852731],[-0.00936654],[-0.06338507],[-0.79470068],[0.28403993]
[1.0022869],[-0.52836738],[1.14272265],[1.14083167],[0.4749913],[1.38447624],[2.58729961]
[1.04322184],[0.05408478],[-0.64143188],[0.55736791],[1.21616803],[-1.54186204],[0.04748839]
[0.19998111],[0.61270034],[-0.36922701],[1.24316873],[1.30572391],[1.5690945],[1.0671188]
[-0.02884592],[-0.10973227],[0.91360675],[0.94020845],[0.73926126],[-3.20799959],[1.51437369]
[2.06098748],[-0.4862885],[-1.01693593],[-0.54079221],[0.49934084],[1.21336093],[1.00276997]
[1.25080653],[-0.06531781],[-0.6238003],[-0.43124137],[0.66082757],[-1.57910669],[2.11779589]
[0.41110456],[0.38424209],[-0.01935337],[1.36655535],[0.59818089],[1.48182756],[0.74339566]
[-0.11514474],[0.02262005],[0.67216842],[0.09460221],[0.46011321],[-0.94787378],[-0.00714636]
[0.27670249],[0.66939496],[-1.04774693],[0.03015281],[0.63191391],[0.94144545],[-0.21092059]
[0.85625889],[0.87653558],[-0.46207374],[-0.47218974],[0.03717225],[-1.23544024],[0.05293864]
[-0.10642023],[0.51097083],[-0.03400817],[0.81441289],[-0.11162651],[1.5299473],[0.82053]
[-0.79361308],[0.93169126],[0.16347055],[-0.01920614],[0.81816252],[-1.37640269],[0.19514564]
[-1.17730395],[0.58586943],[-0.05184147],[-0.4181623],[0.44053535],[1.58525134],[0.09087822]
[0.34475401],[-0.09591561],[0.29764733],[-0.21519542],[0.62484413],[-0.59926191],[0.33287196]
[0.55433975],[0.42419922],[-0.34368856],[0.22526433],[0.53621238],[0.84877144],[1.43667098]
[0.37630038],[1.30062389],[-0.36538753],[0.63544585],[0.19444193],[-0.67134664],[-0.24398612]
[-1.13194958],[1.00671409],[-0.02658065],[0.11129105],[0.73153562],[0.27096965],[1.33584902]
[-0.36657763],[0.31226662],[-0.60623474],[-0.28257861],[0.23973521],[-1.40780095],[0.57506429]
[-0.21893033],[0.87984233],[-0.4019184],[0.33592332],[-0.46974988],[0.91648928],[-0.32192543]
[-0.08536729],[-0.14414946],[0.74233784],[-0.04185112],[0.18994876],[-1.27747042],[0.57532827]
[-0.90844251],[-0.80499044],[-0.1238758],[-0.33326043],[0.14816038],[1.16054516],[0.4529025]
[0.26750495],[-0.99139096],[-0.24257119],[-0.00671519],[0.93734779],[-1.84091265],[0.70910004]
[-0.9539336],[-1.14854066],[2.71253492],[0.43138799],[-0.15374189],[1.23411416],[1.10326915]
[-0.29663018],[-0.5636101],[3.41471565],[-0.27719257],[-1.17599461],[-0.14135137],[-1.00436513]
[-0.80003273],[-0.56524924],[2.85576493],[0.18236418],[-0.90369637],[0.20699855],[0.04613037]
[-0.90279827],[-1.63676997],[2.10895785],[0.45664421],[-0.56076285],[-0.56972644],[-0.14192786]
[0.35964343],[-2.52331632],[1.84588946],[0.64041051],[-0.60814429],[0.35977489],[0.32986728]
[-0.23392643],[-1.70277107],[1.43592094],[0.26746093],[-1.06756865],[-0.91793276],[-0.76674983]
[-0.42672936],[-1.29412195],[1.56833459],[0.14558746],[-0.59241571],[0.28945981],[0.80272228]
[-0.55721672],[-1.23597898],[2.00970048],[-0.30816411],[-0.0534012],[-0.71761475],[-0.7666859]
[-0.64414805],[-0.98671108],[2.35887905],[-0.01366684],[-0.37703862],[1.1066673],[-0.00399497]
[2.19452307],[-1.16291462],[-0.2867659],[0.40866515],[-0.45935477],[-0.15073805],[-0.38133651]
[1.71501033],[-1.03315393],[-0.74095705],[0.38462559],[-0.20629536],[0.37299945],[-0.02355831]
[0.57347527],[-0.61808408],[-0.32674605],[0.53176411],[-1.20803921],[0.24395203],[0.03280667]
[-0.85783975],[-0.33382597],[0.53377325],[0.42608661],[-0.00828366],[0.51464831],[0.4359174]
[-0.25071803],[-0.7759863],[1.19885952],[-0.69481296],[-0.07633627],[-0.80766407],[0.20269152]
[-0.9123503],[-0.96605302],[0.65321468],[0.22063255],[-1.02900541],[0.85838034],[0.48167921]
[1.28537022],[-0.61146364],[-0.70843323],[-0.05585162],[-0.2492895],[-1.22274657],[-1.19428698]
[0.73127752],[-0.79294641],[0.62745823],[-0.0071141],[-0.0919868],[0.00880107],[-0.30474571]
[0.2992668],[-1.3822141],[0.76409553],[1.13250999],[-0.22688244],[-0.72103725],[-0.72353624]
[0.14239156],[-0.02391396],[-0.38844818],[-0.25455208],[-0.9169378],[0.00010787],[0.07347169]
[-0.12157288],[0.26150407],[-0.41628176],[-0.43041478],[-0.58107068],[-0.68149391],[-0.92240756]
[-0.15053389],[-0.63848685],[-0.12128646],[-0.57235694],[0.56626072],[0.8995803],[-0.56468053]
[-0.23594498],[-0.44609001],[-0.42147167],[-1.15927448],[0.20892184],[0.007409],[-0.32454476]
[0.55034453],[-0.26222491],[0.70862777],[0.77560047],[0.27838339],[0.80984998],[-0.29796748]
[-1.02877951],[-0.38225998],[0.55435578],[-0.184236],[0.25409629],[-0.22057107],[-0.73394078]
[-0.6165683],[-0.12545565],[0.01101089],[0.74275899],[0.17110635],[0.35037279],[-1.1226448]
[-0.69767782],[-0.45580687],[0.36363436],[-0.73992917],[-0.39651389],[0.30750294],[-0.94215333]
[0.13021691],[-0.89334965],[-0.79176299],[-0.1744185],[-0.17568691],[0.66953707],[-0.25744583]
[0.91837538],[-1.0257742],[0.10368236],[0.22001912],[-0.24775676],[-0.69005109],[-0.63965636]
[-0.45997933],[-0.22284972],[-0.21418283],[-0.17200188],[-0.2780897],[0.23031622],[0.41615313]
[1.94219061],[-0.49415084],[-0.28778262],[0.46405264],[0.07518866],[-0.54501395],[-1.09256796]
[0.71934417],[-0.6417744],[0.5868997],[0.00072219],[0.43191418],[0.13570078],[-0.1393019]
[0.7609067],[0.03736011],[-0.92496059],[0.89538315],[0.48341152],[-0.39906601],[-0.6870533]
[-0.8610009],[0.50744317],[0.08355222],[-0.33829061],[-0.45000826],[0.33116252],[-0.46683613]
[-0.48219183],[0.33013604],[-0.29974574],[0.34881727],[-0.76505694],[-1.28203316],[0.29932434]
[-0.53836784],[0.24134467],[-0.41442907],[-0.48572081],[-0.77241921],[0.87494488],[-0.98083272]
[1.3857814],[0.77562762],[0.54917077],[1.51658141],[0.04549605],[-0.86184585],[-0.52122793]
[-0.94879526],[0.02006874],[-0.90848304],[-0.55533586],[-0.96022025],[0.742813],[0.09740712]
[1.5865491],[-0.31035461],[-0.25344251],[0.60113729],[-0.40632206],[-0.25586178],[-0.56400858]
[0.46190764],[0.78850137],[-0.44136724],[-0.27351601],[0.4654332],[0.32145699],[0.03875139]
[0.41009834],[0.8155056],[-0.47691117],[0.83584802],[-1.1305468],[-0.17222686],[-0.56239439]
[1.29063972],[1.23304352],[-0.65631666],[-0.00833978],[-1.07570149],[-0.04252477],[-0.91775076]
[1.65072252],[1.13168764],[-1.1815296],[-0.17363715],[0.36817091],[-0.21996084],[-0.32994682]
[0.11285001],[0.31339511],[-0.94216148],[0.74190144],[0.02282179],[1.66492083],[0.25344798]
[0.6607925],[0.27519074],[-2.98123004],[-1.36772145],[-0.70307384],[-0.74950968],[0.03625607]
[-0.0679367],[1.67771237],[-1.42111679],[0.41214534],[0.00628017],[0.68806358],[-0.56045458]
[-0.65652672],[1.73909139],[-0.23320585],[-0.22165573],[-0.54674054],[-0.14565642],[-0.1072141]
[-0.25231541],[0.75870669],[0.143652],[-0.29063294],[0.33154021],[0.57096712],[-0.35080529]
[0.59435972],[1.01375668],[-1.23709704],[-0.08092104],[-0.36760001],[-0.59183297],[0.43017717]
[0.43699341],[1.29460501],[-1.4275427],[-0.30190274],[-0.43259658],[1.41882138],[-0.1028427]
[2.18955599],[1.59459762],[0.60121527],[2.51119214],[-0.55768174],[-0.59939696],[-1.01744693]
[0.33925932],[0.84407039],[-0.526627],[-1.61887806],[-0.70068367],[1.70445164],[0.22079085]
[-0.69924883],[0.70431872],[-0.50513822],[-0.65836963],[-0.25743301],[-0.93717438],[-0.48041922]
[-0.66594305],[0.80706174],[0.95386509],[0.35613828],[-0.95592817],[1.09910729],[-0.45640138]
[-0.19268314],[0.53416652],[0.34562269],[0.72501402],[-0.04531239],[-0.9974308],[-0.8243022]
[-0.56001623],[1.05960532],[-1.25527333],[-0.55649477],[-0.37334616],[-0.10540031],[-0.95275876]
[0.17291231],[1.25483939],[-0.45547141],[0.15619475],[-0.84782848],[-0.4045889],[-0.00633233]
[-0.91954481],[0.77446806],[0.78645185],[0.75506198],[0.48461752],[0.55926651],[-0.02691345]
[-1.16017903],[1.6077993],[-0.22847198],[-0.56139791],[-0.59646553],[-1.13701781],[0.18751672]
[-0.80094542],[1.53022348],[-0.25325448],[-0.54582132],[0.00276585],[0.69173844],[-0.56526486]
[1.21527652],[0.29922254],[0.65265768],[0.44752681],[0.35078793],[-0.73203651],[-0.19766917]
[-0.20578343],[0.57407916],[0.78889936],[0.7466792],[-0.38989271],[0.53836468],[-0.21387345]
[-1.18781523],[1.03258144],[-0.01469622],[0.3611328],[-0.80824209],[-1.22743463],[2.26785894]
[-0.21276085],[0.46638269],[0.25401752],[0.13310074],[-0.76438399],[0.33290642],[-0.43950654]
[-0.19261167],[1.13960828],[-0.13029494],[-0.00103541],[0.25074555],[-0.43221791],[-0.44189478]
[-0.54284448],[1.25579278],[-0.71765318],[-0.31544273],[-0.07456534],[0.30979398],[-0.09218499]
[1.10121084],[0.16485338],[0.37341057],[0.92653066],[0.34798499],[-0.86374623],[0.27784766]
[-0.66414567],[0.31354644],[-0.00248693],[-1.02582435],[-0.1414891],[0.64112055],[0.01390118]
[-0.96104025],[1.40617573],[0.65287082],[0.5547748],[-0.00088913],[-0.68812069],[0.01984606]
[-0.45610917],[1.000614],[-0.22109838],[-0.27089164],[-0.03470403],[0.6078355],[-0.43274924]
[-0.99825037],[0.60567625],[1.17997996],[-0.0248059],[0.15892477],[-0.75951285],[0.18978764]
[-0.91066213],[0.83407187],[0.75424316],[-0.10185693],[-0.46071305],[0.78485259],[0.14489565]
[-1.16055108],[0.48910712],[-0.00332884],[-0.77312696],[-0.65541279],[-1.08845947],[-0.37526893]
[-1.22554516],[-0.22917446],[0.13731444],[-0.56844632],[0.0497854],[0.09359919],[-0.64440894]
[0.22071321],[0.11958424],[0.00593838],[0.06011965],[0.05515502],[-0.47998553],[0.01241659]
[0.53860072],[-0.01459412],[0.47613117],[-0.6554346],[0.74816297],[0.08619204],[-0.42140198]
[-0.77418911],[0.12803065],[-0.1947186],[0.3573172],[0.27817627],[0.00049818],[0.4928478]
[-1.19243492],[0.15549962],[0.8560918],[0.69500547],[-0.01518457],[0.4331712],[-0.45701312]
[-0.2094069],[0.11012696],[0.76086672],[-0.52180201],[-0.22076219],[-0.58757102],[-0.30272299]
[-0.61405213],[-0.20958753],[-0.2892668],[-0.60748602],[-0.7540383],[0.78206496],[0.19631165]
[0.18077157],[-0.26822056],[0.32617481],[-0.18380836],[-0.7953456],[-0.89209559],[0.42806307]
[-0.24527772],[-0.23547134],[0.54262203],[-0.14996319],[-0.73961097],[0.58407632],[0.82557941]
[-1.18439039],[-0.86355381],[0.84434036],[0.20607512],[0.06613693],[-0.61229646],[-0.17518715]
[0.18015379],[-0.72254204],[0.80749281],[-0.31634929],[-0.39537401],[0.39013549],[0.14119322]
[-0.70467794],[-0.27987297],[0.84016432],[-0.95118596],[-0.47447537],[-0.51023214],[-1.00778]
[-0.9145116],[-0.56796331],[2.06493814],[0.8103404],[-0.84087192],[0.41579539],[-0.0536977]
[-0.44090463],[-1.55821554],[0.20548716],[-0.22330854],[-0.51663106],[-0.802452],[-0.28457912]
[-0.4689315],[-0.63510007],[1.29402892],[0.56137355],[-0.91952921],[0.46317909],[-0.17364069]
[0.37166374],[-0.52945051],[0.41901473],[-0.51708947],[-0.30098438],[-0.40936788],[-0.41701483]
[-0.27949588],[-1.05167984],[0.78584631],[-0.40319575],[-0.98486825],[0.03290421],[-0.75846417]
[0.10757201],[-0.59749886],[0.71239186],[-0.62583602],[-1.20046104],[0.26001928],[-1.06393764]
[3.77041841],[-0.65597023],[0.22221373],[3.19022446],[2.97911379],[1.286483],[1.49688163]
[-1.0038794],[-1.87440234],[0.58784562],[-0.81003031],[-0.66936139],[0.14925659],[-0.14203825]
[-0.02869677],[-1.51808423],[-0.90487859],[-1.94039454],[0.00208708],[0.37276431],[-0.34389638]
[0.79813423],[-0.36944868],[-0.6416595],[-0.1409149],[0.11442734],[-0.17775401],[0.53267675]
[0.39103171],[-0.72994596],[1.54399034],[0.99172512],[-0.66377033],[0.24283813],[0.6002213]
[-0.29614053],[-1.13467192],[0.33911982],[0.28694638],[-0.20657086],[-0.72413373],[-0.6660228]
[0.4310005],[-0.54672319],[-0.47793334],[-0.16439381],[-0.08921172],[-0.04672985],[0.24613167]
[0.70292044],[-1.01098001],[0.41874982],[0.00452704],[-0.25356689],[-0.52758278],[-0.55321697]
[0.78535738],[-1.34879348],[0.4737572],[0.04084464],[0.62790299],[0.48147439],[-0.30639939]
[0.34438023],[-1.10050647],[-0.30667199],[0.51409433],[0.31645913],[-0.25196902],[0.52311427]
[-0.68903287],[-0.45938902],[-0.61164794],[0.10599329],[0.59939717],[0.40484132],[-0.42309658]
[0.38970553],[-0.96195751],[-0.09491909],[-0.4170357],[0.08223593],[-0.59087376],[-0.96682542]
[-0.16572124],[-0.67139802],[-0.47851186],[-0.38733426],[-0.00126974],[0.28877835],[-0.53116364]
[0.64441693],[-0.66336612],[-0.39082827],[-0.40518938],[-0.21647101],[-0.25759395],[-0.46847816]
[0.14559059],[-0.87738649],[-0.24757297],[-0.38983547],[0.04403744],[0.35358575],[0.53453409]
[-0.55693967],[-0.8050336],[1.36033109],[0.11761962],[0.53581115],[-0.50713143],[-0.78926699]
[-0.74005859],[0.34931907],[-0.55582294],[-0.33805136],[0.13916666],[0.09979879],[-0.47064525]
[0.19776791],[-0.10231063],[-0.79532572],[0.3406256],[0.02375716],[-0.39404107],[-0.99536385]
[0.70011916],[-0.68830192],[-0.03105526],[0.47734829],[0.39776742],[0.18907671],[-0.20947586]
[0.8085492],[-0.72349962],[-0.50375051],[-1.12491081],[0.12316056],[-0.20318594],[-0.74790804]
[0.07245596],[-0.65790965],[-0.12614856],[-0.10409239],[0.32817725],[0.12119269],[-0.81639265]
[0.96823626],[-0.82554442],[-0.14943414],[0.40745936],[0.07702326],[-0.24118965],[0.62727175]
[0.08473835],[-0.51130939],[-1.03993638],[-0.28019229],[-0.14560927],[0.45174537],[-0.7920156]
[0.66059062],[0.0683892],[0.21104767],[0.95250062],[0.01942557],[-0.56799577],[1.22586498]
[-1.21334524],[0.11610827],[-0.47684447],[-0.1369707],[-0.01984564],[0.60387913],[-0.65957603]
[-0.06871694],[0.20986538],[0.08418618],[-0.23011091],[0.02912162],[-0.62026859],[-0.35000019]
[1.1689705],[-0.10010546],[0.6549],[0.49068782],[-0.28541358],[0.43940339],[0.42940003]
[0.15944277],[-0.13049549],[-0.26806261],[-0.49780071],[0.42236555],[-0.47960689],[-0.40058384]
[0.0650353],[-0.04086694],[-0.10627864],[0.80765472],[0.2473906],[0.1631232],[-0.97212975]
[0.52285031],[-0.00471093],[-0.51696171],[-0.14485579],[-0.05478057],[-0.40906272],[-0.06158094]
[-1.14722709],[0.75978378],[-0.58814409],[0.53390092],[-0.16133797],[0.51966975],[-0.53162944]
[-0.27853501],[1.15605024],[-0.15484338],[0.25891893],[-0.38220844],[-0.34750378],[-0.47044715]
[0.55225806],[1.4708401],[-0.63906185],[0.79131843],[-0.65287126],[0.38986295],[-0.31974094]
[0.09818747],[0.63927729],[-0.82118826],[-0.50413484],[-0.24544184],[-0.28316359],[-0.25116924]
[0.49237018],[-0.00279456],[-0.54233436],[-0.23625387],[0.31939403],[0.58209847],[0.42817387]
[1.21377921],[0.90402053],[-1.15031047],[0.67065239],[-0.77174322],[-0.03345622],[-0.74395877]
[-0.38076308],[1.39416278],[-0.86869001],[-0.71075051],[-0.36942967],[0.34861267],[0.3684351]
[-0.59223842],[0.68938359],[-0.3637743],[-0.05232402],[0.22587815],[-0.12243186],[-0.61696732]
[-0.96282363],[0.75628597],[0.63495945],[-0.1581675],[-0.73012758],[0.47041146],[0.56692489]
[-0.15862921],[1.05336038],[-0.34531624],[-0.48062274],[-0.57364127],[-0.36454404],[0.71059764]
[-1.20189885],[0.16549356],[-0.6209236],[-1.86419424],[-0.7304709],[0.45904537],[-0.65602083]
[1.28643289],[0.3231604],[0.42859745],[0.89777817],[-0.09948577],[-0.54597474],[-0.28093126]
[-0.25152419],[1.28585035],[0.28830251],[-0.26808934],[-1.2610219],[0.47953944],[-0.8010252]
[-0.78558427],[0.59569451],[1.13779444],[0.4779633],[-0.17214758],[-0.45193783],[-0.58159348]
[-0.7852672],[0.40811559],[-0.75577427],[-0.9360244],[-0.72461049],[0.41847878],[0.09509491]
[-0.25780412],[1.17110458],[0.06167417],[0.93400079],[-0.74808684],[-0.13384297],[-1.05197713]
[0.12486014],[0.94046866],[-1.06803215],[-0.96199668],[-0.18618556],[0.18746763],[0.299928]
[-0.57199858],[0.91653076],[-0.75726835],[0.3112585],[-0.22121489],[-0.1498329],[-0.42452694]
[-0.65834479],[1.26273952],[0.81794298],[0.63705291],[-0.60513602],[0.10587588],[-0.52490135]
[-0.24253246],[1.15140124],[-0.75490072],[-0.7693748],[0.30543409],[-0.1162104],[-0.17875623]
[-0.14454466],[0.92390203],[-0.69686129],[-0.21415382],[0.5483081],[0.11650004],[-1.04080132]
[0.57834249],[0.73806251],[1.05270299],[0.31129595],[1.13347051],[-0.23222479],[0.72615473]
[-0.49315563],[0.4266501],[-1.41051284],[0.3874779],[1.69988791],[0.3284232],[-0.82704555]
[0.35512566],[0.20619078],[0.48078355],[-0.29366409],[-0.9965684],[-0.32750433],[-0.23168996]
[0.37537843],[0.5809527],[-0.59183933],[0.71435086],[0.03244701],[0.40302989],[0.33523833]
[-0.9016293],[0.91700541],[-0.43312109],[0.02294334],[-0.22238874],[-0.27298582],[-0.7844951]
[0.55178949],[0.52861264],[-0.83288111],[-0.17064647],[-0.20494866],[0.22879961],[0.62971183]
[0.50289569],[0.15267364],[-1.04925008],[-0.56677047],[-0.14410572],[-0.31199336],[0.57616889]
[-1.17253845],[0.80670052],[0.17845915],[-0.31270594],[0.17228271],[0.19741123],[0.08663105]
[0.35044205],[0.90558199],[0.11012679],[0.0440464],[0.14861091],[-0.20201524],[0.63556935]
[-0.93513826],[0.70649108],[-0.13949343],[-0.05030829],[0.2781748],[0.3984202],[-0.41602332]
[-0.76096318],[0.65902655],[0.58315495],[-0.13891792],[-0.23053194],[-0.2232016],[-0.27571247]
[-0.80343329],[0.45266297],[-0.32225669],[-0.51744495],[-0.21298775],[0.32552956],[1.30642106]
[-1.1509352],[0.28090397],[0.20391901],[-0.9257531],[-0.32959346],[-0.31119793],[-0.96069907]
[-0.48762584],[0.53765005],[-0.29084866],[-0.22982661],[-0.34868205],[0.10498342],[0.18798297]
[0.55900236],[0.19399003],[-0.86979851],[-0.26493148],[0.18842878],[-0.22049078],[0.15427251]
[-0.82430729],[-0.09828113],[1.11896204],[0.14849605],[-0.13416374],[0.14803292],[-0.46453866]
[-0.51435299],[0.30165387],[-0.43577463],[0.39520223],[0.07780594],[0.01925886],[0.76951794]
[-0.31289869],[0.0982965],[0.3152421],[0.36335406],[-0.26011515],[0.15405171],[0.7334207]
[-0.61711875],[-0.27132327],[-0.0713889],[-0.65063947],[-0.62217395],[-0.22145337],[0.16049128]
[-0.2782662],[0.41369216],[0.10102814],[-0.36172362],[-0.21423284],[0.15805043],[0.4325374]
[-0.41055543],[0.08822435],[0.69636825],[-0.29330695],[-0.80017144],[-0.18811659],[-0.30650111]
[-1.09341739],[-0.83272621],[-0.41637166],[-1.20790742],[-0.31690674],[0.21158056],[0.31987239]
[0.63176886],[-0.96132084],[0.30041999],[0.48620367],[-0.00775369],[-0.091699],[-0.07960955]
[-0.56032244],[-0.4643948],[0.1862577],[-0.47229717],[0.02146633],[0.14188303],[0.00646723]
[-0.91607135],[-0.49741876],[0.61125426],[-0.15835832],[-0.21841444],[-0.13467888],[-0.56863576]
[-0.11866323],[-1.19704049],[0.61246322],[0.45763395],[-0.28291351],[0.03103533],[-0.16679519]
[-1.15765208],[-0.82747009],[0.49904373],[0.09108351],[-0.49140283],[-0.13847212],[0.31313275]
[0.02654912],[-0.69612828],[0.17816884],[-0.47795289],[-0.58320385],[0.11658913],[-0.43210026]
[-0.16467012],[-0.88381251],[0.49072534],[-0.23022236],[-0.19644953],[-0.12274407],[-0.05242437]
[-1.08419666],[-0.98079962],[0.38465208],[-0.86952879],[-0.51718651],[0.07332697],[0.15285142]
[1.02802308],[-0.76256597],[1.54468754],[1.79556524],[-0.2586642],[-0.05331979],[-0.59840583]
[-0.39167265],[-0.99960073],[0.65070071],[-0.66654307],[-0.47658694],[0.02060313],[1.09642606]
[2.001375],[-1.53634949],[-0.49514556],[-0.55610468],[0.23045331],[-0.04822986],[-0.51655777]
[0.95384141],[-0.29108179],[-0.15151259],[0.53071377],[-0.12920005],[-0.01634717],[0.06897236]
[-1.17390558],[-0.75021557],[-0.44897869],[-0.66521807],[0.08917595],[-0.03283573],[-0.03630134]
[-0.1540597],[-1.41743541],[0.83257301],[0.42539143],[-0.31094522],[0.0544413],[0.40521312]
[-0.22495319],[-0.99847743],[0.15181927],[-0.80872092],[-0.85680846],[-0.06131392],[-0.07275745]
[-0.36492113],[-0.98246869],[0.30346303],[0.44134309],[-0.02752151],[0.04978967],[0.07285379]
[0.76418314],[-1.51458788],[0.56276352],[-0.0140439],[-0.18399048],[-0.03461414],[-0.5788496]
[0.55078985],[-1.1383716],[-0.05926709],[0.56389996],[-0.20934186],[0.02229048],[0.1349551]
[-0.49962204],[-0.87210276],[0.44630371],[0.26868903],[0.13256901],[-0.05305129],[-0.03648515]
[-0.21641499],[-0.78422735],[-0.70348202],[-0.59403139],[0.469821],[0.01191656],[0.29666123]
[0.35037828],[-0.68784758],[-0.45616691],[-0.45451324],[-0.06920509],[-0.03705104],[-0.40693171]
[-1.06709718],[-0.76850812],[0.25484824],[-0.13813249],[0.18727034],[0.00813431],[-0.19303077]
[0.55507158],[-0.94492852],[-0.25418184],[-0.09798694],[-0.14954269],[-0.01946634],[-0.01800744]
[0.01737725],[-0.70524906],[-0.34596117],[-0.54094225],[0.28354541],[-0.00756265],[-0.67547587]
[-1.14955912],[-0.22767621],[0.5621186],[-0.02862939],[0.22378683],[-0.00786953],[0.10433198]
[-0.32931811],[-0.80128029],[-0.14893495],[-0.59606587],[-0.08159672],[-0.01254974],[-0.9969735]
[0.14812102],[-0.60543638],[-0.18611685],[0.1025016],[0.13245185],[-0.00660521],[-0.37936367]
[-0.11233073],[-0.71519052],[-0.33217713],[0.36035481],[0.17447995],[-0.02000174],[-0.50547388]
[0.26079865],[-1.04831932],[-0.34572139],[-0.30285171],[-0.2719451],[0.01706131],[0.02069159]
[1.30402942],[-0.72188395],[0.07929278],[0.44682527],[0.24618879],[-0.00420104],[-0.46270361]
[0.72896523],[-0.49509954],[-0.30032223],[0.00222849],[0.15218719],[0.0371678],[-0.17631664]
[1.04355409],[-0.73947079],[-0.43021327],[0.07081074],[0.32181639],[-0.00864541],[-0.69052298]
[-0.10993833],[-0.2222731],[0.11239444],[0.42288056],[-0.51494855],[0.03866453],[0.0930382]
[-1.12583155],[0.08875782],[-0.09083448],[0.11979442],[0.01203337],[-0.07718222],[0.29059669]
[0.30018677],[0.210891],[-0.14061471],[1.20221775],[-0.30223927],[0.06619531],[-0.55806918]
[0.59672931],[-0.14290837],[-0.31579499],[-0.41888585],[-0.02377202],[-0.07781098],[-0.82078649]
[-0.0552462],[0.34843308],[-0.17337187],[-0.04066274],[-0.12881258],[0.10193775],[-0.94034322]
[-0.23049775],[0.17526561],[0.27193117],[0.48065413],[0.00045676],[-0.03538331],[-0.36560494]
[0.50676173],[-0.28784614],[-0.62963642],[-0.32846068],[0.00766118],[0.06426092],[-0.37043149]
[0.14387405],[0.30959613],[-0.27804147],[0.53415049],[-0.19279631],[-0.05094538],[-0.03177149]
[0.83815932],[0.98131682],[-0.14192831],[1.15967837],[-0.05929258],[0.03022218],[-0.65873898]
[0.0568233],[0.59059399],[-1.10569398],[-0.7668054],[-0.08057537],[-0.09394176],[0.15399287]
[-0.20914108],[0.70363416],[-0.49492511],[0.7164922],[-0.32884738],[0.0915576],[-0.16632203]
[0.20180619],[0.58371535],[-1.24900343],[-0.49542839],[-0.53750896],[-0.15341091],[0.02155181]
[0.72878919],[1.08031068],[-0.99829271],[0.41012411],[0.26826755],[0.08933284],[-0.20580844]
[-0.11058847],[1.16659439],[-1.0714605],[-0.77251388],[0.02675913],[-0.12651029],[-0.47623676]
[-0.29319138],[0.76190338],[-0.19907444],[0.12874632],[-0.28065437],[0.00357009],[0.03869799]
[0.01502654],[0.84409236],[-0.32870591],[0.77442934],[0.0554366],[-0.16739445],[-0.25211314]
[-0.16804367],[0.83840072],[-0.3042764],[-0.36350738],[0.15624043],[0.0635016],[0.09916656]
[-0.58569978],[0.37901439],[-1.67795299],[-1.15370297],[-0.89983494],[-0.29499302],[-0.01778571]
[1.9359416],[1.14324248],[0.95257158],[2.15515049],[-0.01516535],[0.12016032],[-0.80574203]
[1.15624725],[1.08216859],[-0.00474971],[-1.15342353],[-0.38332088],[-0.35120643],[0.40113322]
[0.35785191],[0.87987862],[-0.12174692],[-0.37235896],[-0.405259],[0.17359336],[-0.08599808]
[-0.34238955],[1.05768108],[0.14650771],[1.20364577],[-0.03937559],[-0.35286461],[-0.20019664]
[-0.15247491],[0.92670287],[-0.3702898],[-0.20769777],[-0.06896666],[0.12014025],[-0.42243397]
[-0.44068098],[0.9868775],[-0.83972947],[-0.12325578],[-0.25297286],[-0.16061664],[-0.5004177]
[-1.02179578],[1.02117801],[-0.1273087],[-0.74450227],[0.21099625],[0.16594125],[-0.02360887]
[-0.55432468],[1.32002582],[0.22734511],[-0.0190317],[-0.25820765],[-0.16974086],[-0.077378]
[-0.63846793],[1.49412633],[-0.70428996],[0.03921333],[-0.14882147],[0.17139126],[-0.01179614]
[0.68162478],[0.95761202],[0.25490232],[0.22523698],[-0.07676332],[-0.33443319],[-0.82299072]
[-0.43906282],[0.56765109],[0.20560893],[-0.19918975],[-0.485854],[0.12665339],[-0.51249309]
[-0.8561908],[0.6157633],[0.54812763],[-0.22984748],[-0.43269436],[-0.16041496],[-0.01836851]
[0.55837441],[0.3879719],[-0.06895603],[0.1819835],[0.18507036],[0.35424083],[0.709447]
[-0.68562569],[0.77893319],[-0.35083606],[0.27659362],[-0.23100112],[-0.16086618],[0.05887086]
[-0.72753257],[1.01839475],[0.05596618],[0.23290715],[-0.57465842],[0.15320412],[-0.00561147]
[0.68480601],[0.64874706],[-0.49693623],[0.5317529],[0.07696524],[-0.320588],[-0.20868792]
[-0.61734633],[0.27248319],[-0.19664768],[-0.41229293],[-0.46447317],[0.20386375],[0.5515869]
[-0.88966465],[0.648398],[-0.0345001],[-1.13949744],[-0.16321214],[-0.13669871],[0.43778369]
[-0.61144267],[0.78271255],[0.68947151],[-0.06560491],[-0.35124312],[0.49416502],[0.17815746]
[-0.24780761],[0.64487821],[0.0782308],[-0.22146675],[0.1806313],[-0.23806665],[-0.46913911]
[-1.14341917],[0.70896919],[-0.21186296],[-0.40129543],[-0.45206272],[0.34424017],[-0.44599304]
[-0.85483701],[0.75794841],[0.91414135],[0.87300317],[-0.27042778],[-0.41135066],[0.3065517]
[-0.95100621],[0.49812381],[0.05568599],[-1.18989481],[0.09005014],[0.27430399],[-0.01035618]
[-0.4469153],[0.06263909],[-0.00280552],[-1.29115824],[-0.30618966],[-0.15072188],[-0.30723545]
[0.23955859],[0.00895387],[-0.33421996],[-0.88246412],[0.16644731],[0.17709108],[-0.02759708]
[-0.29653456],[0.21847232],[0.06669932],[-0.09195048],[-0.27547371],[-0.22665161],[0.12977718]
[-0.67456738],[0.58757199],[-0.23204317],[1.22274667],[-0.30457049],[0.09211996],[0.6551967]
[-1.09876664],[-0.2255162],[0.35920774],[-0.36743474],[0.17031324],[-0.34554792],[0.58287062]
[0.43305563],[-0.00835876],[0.28269936],[-0.34456605],[-0.31906411],[0.23191366],[-0.48142443]
[-0.45888753],[0.25130048],[0.00288636],[0.16051274],[-0.43184356],[-0.37811534],[0.00214877]
[-0.24980606],[-1.1743463],[0.41966056],[-0.89732464],[-0.39755535],[0.3194861],[-0.24967991]
[-0.38556813],[-0.97253525],[0.56055735],[-1.137949],[0.12190888],[-0.28829218],[0.42682137]
[-0.24296933],[-0.709579],[0.56800733],[0.52672146],[-0.47534583],[0.22621552],[-0.50836435]
[-0.55157655],[-0.37345045],[0.18484889],[-0.04291547],[0.06859972],[-0.3359902],[-0.23421794]
[-0.49846065],[-0.52703837],[0.37629381],[-0.54859302],[-0.18453711],[0.27666753],[-0.30242397]
[-1.13459153],[-1.00083513],[0.93648207],[0.02643522],[-0.02004051],[-0.48032676],[0.014756]
[-0.27965091],[-1.08075439],[0.60203392],[-0.41033946],[-0.0533903],[0.37805114],[0.54015777]
[-0.28522265],[-0.56262191],[-0.37252033],[-0.34421104],[-0.59468467],[-0.36930849],[-0.41355548]
[0.26216199],[-0.70740585],[1.22895164],[0.72100433],[-0.20030953],[0.52562091],[-0.43207754]
[-0.18893766],[-1.06576796],[-0.29490782],[-1.35706006],[-0.36068661],[0.0275953],[0.17076462]
[-0.62115563],[-0.42650841],[1.30529358],[1.92180036],[0.03475128],[0.06673062],[-1.20940177]
[-0.7747059],[-1.34435505],[-0.77615716],[-1.86279781],[0.32880082],[-0.51657793],[1.8423306]
[3.10510694],[-0.79212273],[-0.83510654],[0.80481698],[0.09172009],[-0.14191831],[-0.76814143]
[-0.50228271],[-0.25055361],[0.55278439],[0.56342318],[0.4155325],[-0.28372356],[-0.29427102]
[-0.48150696],[-1.27456807],[-0.50366009],[-1.279528],[-0.07783335],[0.18919341],[0.82488653]
[0.70644183],[-0.97436098],[-0.26305363],[0.75624214],[0.42706036],[-0.33100143],[-0.20035592]
[-0.58156876],[-1.35969842],[1.30812519],[-0.08152619],[-0.01966216],[0.53857187],[0.62049669]
[0.27306475],[-1.09118835],[0.01797301],[0.00281923],[-0.23778703],[-0.27301236],[0.25271534]
[0.34656923],[-1.116863],[0.20796893],[-0.35517407],[-0.10087553],[0.45542528],[-0.47000694]
[-0.09756665],[-1.39601631],[0.02994319],[-0.16080874],[0.167705],[-0.50292493],[0.00521971]
[-0.65204356],[-0.59556936],[0.04838257],[0.19814048],[-0.32829272],[0.18865805],[0.47919312]
[0.52515215],[-0.22033642],[-0.30230265],[0.3692156],[-0.00159942],[-0.48794215],[-0.00763985]
[-0.23944024],[-1.02739898],[-0.86921327],[-1.0042167],[0.29534032],[0.40889937],[-0.29738633]
[-0.77532806],[-0.54095012],[0.41969844],[0.20538221],[-0.07122885],[-0.29966852],[-0.44389925]
[0.51009805],[-0.83255115],[-0.70463176],[-0.61294676],[0.31999223],[0.3152597],[-0.3521088]
[0.16400064],[-1.04741104],[0.47040711],[-0.20649862],[-0.16507639],[-0.26503028],[-0.28047989]
[-1.02023116],[-0.39611725],[0.87087188],[0.04874462],[-0.28272548],[0.56162196],[-0.39806846]
[0.02188711],[-0.52998671],[-1.08508029],[-0.46943198],[0.35097688],[-0.70108865],[-0.93902852]
[-0.11987238],[-0.61971474],[0.65057571],[0.84612151],[-0.03632175],[0.1442997],[-0.50656829]
[-0.08547697],[-1.03478701],[-0.50033417],[-0.57737356],[0.03552418],[-0.33584381],[-0.2141554]
[0.67533581],[-0.7931706],[-0.67433884],[0.15955539],[-0.04064901],[0.3458153],[0.26505085]
[0.41879893],[-0.53268449],[-0.53231798],[-0.00839043],[-0.29984348],[-0.14113292],[-0.81826859]
[1.61550663],[-0.54255408],[-0.30595696],[0.70251038],[-0.06149647],[0.35681498],[-0.28436648]
[-0.42576034],[-0.64237165],[0.4357909],[0.23539301],[-0.12996546],[-0.39417409],[-0.20029373]
[0.0642545],[-0.24629038],[-0.89758687],[-0.11846203],[0.12838029],[0.65221607],[-0.17715659]
[-0.61659875],[0.0446611],[0.23071683],[0.81849823],[-0.27904558],[-0.29557038],[-0.05680141]
[-0.07745904],[-0.2322823],[0.47035209],[0.20061455],[0.2074345],[1.13622703],[-0.27443346]
[0.4065755],[0.02222487],[-0.61703369],[-0.62239602],[-0.2664799],[-0.26458047],[-0.62645054]
[0.15423463],[0.35883978],[-0.1547209],[0.17882682],[-0.20379594],[0.66687073],[-0.8357367]
[-0.34392282],[-0.29100872],[-0.28474267],[-0.12386639],[0.32271565],[-0.54436449],[0.34801379]
[0.13480832],[-0.00217767],[-0.28359357],[0.08274681],[0.0842185],[0.46060785],[-0.58872939]
[0.33098807],[0.42521737],[0.05542384],[0.91171341],[-0.00290694],[-0.29061592],[0.4819673]
[-0.37333199],[0.44085649],[-0.84620778],[0.0025667],[0.09171633],[0.74667827],[0.07247976]
[0.47706182],[0.56029351],[-0.57039773],[0.65282663],[0.15772191],[-0.11991475],[-0.07097845]
[-0.20348792],[0.59412865],[-0.32212992],[0.64420394],[0.11413291],[0.59995985],[-0.56954578]
[0.00510487],[0.65350014],[-0.53400464],[-0.0087283],[-0.12241262],[-0.34454059],[-0.22984754]
[0.84896885],[1.32558961],[-1.16078524],[0.15421297],[-0.12790788],[0.63755896],[-0.51159143]
[0.20547175],[0.90405832],[-0.66029597],[-0.10363941],[0.18431466],[-0.70516435],[0.11431984]
[-0.5323487],[0.3745138],[-0.33665179],[0.12649143],[0.2270577],[0.35712838],[0.17670988]
[-0.47211166],[0.4954029],[-0.29661565],[-0.08560239],[0.03280653],[-0.67453574],[-0.1704942]
[0.65260487],[0.66296078],[0.10212759],[0.14179732],[0.95919411],[0.71214892],[0.86899524]
[0.61082372],[-0.05052473],[-1.13228226],[-1.95583236],[0.38702013],[-1.58019306],[1.35077747]
[0.35323185],[0.76480177],[-1.05265292],[-1.54260912],[0.08373894],[-1.10804667],[1.60410926]
[-0.77805374],[2.13695429],[2.22946529],[2.96982233],[-0.03220199],[-1.60977282],[-0.06732825]
[-0.65732486],[-0.01925495],[-0.07807665],[-0.21416069],[0.27980618],[0.96393122],[0.6529477]
[1.03111091],[0.74056747],[-0.92026949],[0.27393987],[0.20977299],[-0.93061145],[-0.17905109]
[-0.25692976],[1.02792534],[-0.34017373],[-1.07353762],[-0.34062334],[0.77602497],[-0.1976006]
[-0.9625364],[1.03144162],[-0.34872049],[-0.46405606],[-0.05945535],[-0.14773124],[-0.66611213]
[-0.31800298],[1.27603715],[0.21402232],[1.55385231],[-0.12515595],[0.49619652],[0.37885714]
[-0.82423019],[1.4470193],[-0.37926799],[-0.00932309],[-0.04468629],[-1.06687269],[-0.40169604]
[0.13407671],[0.80808497],[-0.42201298],[0.03912697],[-0.10713917],[0.69768439],[-0.06272465]
[-0.05833078],[0.38991721],[0.26131721],[-0.54758187],[0.08820697],[-0.70563441],[0.34304303]
[-0.94164474],[0.79705554],[0.06374831],[-0.10028265],[-0.53835063],[0.66052251],[-0.76319708]
[-0.04559028],[0.55272359],[0.03736266],[-0.04721509],[-0.46262208],[-0.48515074],[0.42558139]
[-0.29533654],[0.71287184],[0.72709253],[1.10631122],[-0.12082237],[0.43486376],[0.4059917]
[-0.16120134],[1.03774587],[-0.2253541],[-0.18780507],[-0.43718506],[-0.94600255],[0.47961189]
[0.70608222],[0.62595586],[-0.6087317],[0.34938851],[-0.48223027],[0.57244202],[-0.31864776]
[-0.14283919],[0.03875543],[-0.00747822],[-0.14463213],[0.19954941],[-0.65228645],[0.26512075]
[-0.2983697],[0.34563462],[-0.54610654],[-0.58305655],[-0.38860837],[1.08689475],[0.9843797]
[-0.48823293],[0.78511383],[-0.00370751],[-0.8265795],[-0.44894617],[-1.07722425],[0.02795997]
[-0.9123469],[0.51080479],[1.20797676],[-0.69302357],[-0.43606547],[0.47033876],[0.25579025]
[-0.55714416],[0.78685255],[-0.44171171],[0.15440164],[0.20435891],[-0.5782308],[-0.75604911]
[-0.84343873],[0.98048134],[0.35666983],[0.02623505],[0.16928763],[1.10544561],[0.3617992]
[-1.09370039],[0.84621343],[0.27628464],[0.43058597],[-0.88827965],[-0.85817766],[0.8378741]
[-1.01047571],[0.29767168],[0.15201203],[-0.99149086],[-0.36227976],[0.73487283],[0.43242229]
[0.03922761],[0.30219944],[0.05583715],[-1.01125127],[-0.25450613],[-0.67118249],[-0.4433535]
[0.66778604],[-0.16665596],[-0.33571768],[-0.60295349],[-0.22150882],[0.31207655],[-0.09156322]
[-0.58526975],[-0.15539282],[0.63738324],[-0.07570851],[0.17598996],[-0.67420797],[-0.32482109]
[-1.08614559],[0.37373089],[-0.49519773],[-0.04987255],[0.53680848],[0.14352615],[1.07842186]
[-0.3170419],[-0.13406296],[0.27385912],[0.23472022],[0.16779907],[-0.29800634],[-0.49120928]
[0.03071528],[-0.04475409],[0.40208069],[0.43466855],[-0.20561114],[1.0980554],[0.14298587]
[-1.11883071],[0.26877824],[0.00849874],[-1.58870209],[-0.0817261],[-0.65916987],[-0.32034697]
[-0.34476258],[-0.29754217],[0.36524797],[-0.55462547],[0.02043261],[0.99769224],[-0.22663596]
[-0.63642382],[-1.11132992],[0.2233678],[-0.64323125],[-0.49437146],[-1.01505755],[0.20812722]
[0.09950036],[-0.91964339],[0.60997304],[0.79520761],[0.00306145],[-0.09256679],[0.26083437]
[0.09644771],[-0.25525686],[0.23896151],[-0.06434965],[0.07741282],[-0.56636072],[-0.30044678]
[-0.59164918],[-0.9622836],[0.47588795],[-1.47625246],[0.46245955],[0.93567002],[0.03888876]
[0.08029615],[-1.05729422],[0.80456687],[0.06831997],[-0.03677885],[-0.51021605],[-0.34885744]
[-0.52551153],[-1.02660226],[1.22661991],[0.141969],[0.09504636],[0.89040555],[0.45090068]
[-0.69983141],[-0.63386554],[0.38864295],[-1.10777743],[-0.08481411],[-0.50279157],[-0.85899727]
[0.78444976],[-0.92907546],[0.41669617],[0.52633622],[-0.46272829],[1.02654754],[-0.550002]
[-0.76138897],[-0.80064389],[0.42440637],[-0.58893268],[-1.1741112],[0.0603711],[-0.89560827]
[-0.51483091],[-0.76260147],[0.95761076],[0.84804905],[0.55136491],[0.31025755],[-0.73492789]
[-0.12560452],[-2.01639927],[-0.59217845],[-1.98101348],[0.89848351],[-0.96054115],[2.50999343]
[1.5569583],[-0.42717612],[-0.13780928],[-0.11979991],[0.43712225],[0.05700494],[-0.43687473]
[0.18328335],[-0.25746484],[-0.41134255],[0.70407057],[1.5608464],[-0.70192665],[0.26577897]
[3.30510141],[-1.87815683],[-0.23133961],[2.23128646],[1.4428939],[1.20458451],[1.64928591]
[0.932082],[-1.40025913],[0.69249285],[-1.47937051],[-0.6991353],[-0.12933609],[-0.48093119]
[-0.22351188],[-0.43799753],[0.94493869],[0.46288447],[-1.06922674],[1.56163065],[0.39812885]
[-0.79671482],[-0.72595435],[0.18592554],[-0.54988666],[-4.66221997e-05],[-0.56948625],[0.37369693]
[1.14176756],[-1.44497847],[-0.08586156],[-0.57689934],[-0.08780643],[0.62998577],[-0.60872052]
[0.38065131],[-0.81185142],[-0.14321468],[0.72238894],[-0.30121827],[-0.1496799],[-0.3685698]
[0.10207229],[-0.99317685],[-0.28284107],[0.38226423],[0.30510617],[0.80153955],[0.82403135]
[-1.12588644],[-0.77020078],[-0.57500478],[-1.53994933],[0.04699392],[-0.87712855],[-0.46960085]
[0.74929329],[-0.55833527],[0.07774245],[0.46007137],[0.22165196],[0.82829655],[-0.53677313]
[-0.32169116],[-0.68080247],[-0.07574691],[0.02820806],[-0.32873705],[-0.81792169],[-0.87412828]
[0.2101426],[-0.83655267],[-0.30918822],[-0.02024785],[-0.27596178],[0.27432666],[0.38258509]
[0.09848796],[-0.17550779],[0.09956809],[-0.0778103],[-0.42092845],[0.26325705],[-0.82010036]
[-0.63218691],[-0.40140741],[1.05313641],[0.04710877],[-0.63970818],[0.54588269],[-0.88512378]
[-0.5033417],[-0.89275609],[-0.11721056],[-0.66769699],[-0.27463832],[-1.04579248],[-1.00205848]
[-0.37196834],[-1.33677432],[-0.25875576],[-0.47988162],[0.01854481],[-0.0018977],[-0.64208703]
[0.87475998],[-0.96256476],[-0.06188681],[1.00861392],[0.11444971],[-1.32660899],[-0.06071231]
[0.81333487],[-0.62486097],[-0.76739604],[-0.21465342],[-0.65840003],[0.65687425],[-0.14919268]
[1.10074954],[-0.46513615],[-1.52291124],[-0.67600575],[1.27903848],[0.01421855],[-0.87023938]
[1.94688982],[-0.94765329],[0.5605074],[1.28120507],[-0.61221195],[-0.23383393],[-1.04648929]
[1.23497109],[-0.41002501],[0.16005069],[1.55063576],[-0.88023407],[-0.17831073],[-0.96338459]
[-0.60702596],[-0.21757531],[-0.09670744],[-0.88930148],[-0.61973767],[1.08287481],[2.27731708]
[0.38029423],[-0.22180256],[-0.2682111],[-0.18395998],[-0.4446672],[-0.37977855],[-0.96034586]
[-0.00892411],[-0.39943923],[-0.33867434],[-0.08155017],[0.19053881],[1.75951002],[-0.43544694]
[1.09554862],[-0.37641045],[0.379163],[-0.26917619],[0.08374087],[-0.5369975],[0.33969381]
[-0.78706592],[0.53099168],[-0.93033693],[-0.74116373],[0.49429751],[1.40136057],[-0.00292177]
[0.16180714],[0.07699538],[-0.40991597],[0.91071141],[0.44457223],[-0.87981168],[-0.30776969]
[0.15407736],[-0.35630559],[-0.48470478],[0.98983037],[0.64047481],[0.73969706],[0.63531682]
[0.582984],[0.8285374],[-0.74512905],[0.6414365],[0.22448595],[-0.96312756],[-0.26059068]
[0.86626452],[0.65362806],[-0.23219062],[0.61126254],[0.30438384],[1.47562924],[-0.72254284]
[1.04206043],[0.53285226],[-2.35274777],[0.32575105],[0.12994378],[-0.45559106],[0.75610474]
[0.05989132],[0.06877179],[-1.6073901],[-0.26446326],[0.44952548],[1.37168083],[-0.63661247]
[0.26742163],[1.15001726],[0.59775221],[1.82485374],[0.29028125],[-0.5448448],[0.85640956]
[-0.87146803],[0.19288779],[-2.1630989],[-1.87276169],[0.43332191],[0.90797931],[-0.53750653]
[0.01552735],[0.91255903],[-0.79975448],[0.94830546],[0.28530085],[-0.80003646],[0.52865899]
[0.30385792],[1.030837],[-0.41381016],[0.61234833],[0.92812791],[0.89233952],[0.27208166]
[-0.28326787],[0.20717968],[-0.43928044],[0.20880079],[0.98580003],[-1.6030122],[0.13022623]
[0.38885874],[0.54581022],[-0.63518168],[-1.5433271],[0.38885554],[1.25756885],[0.74634331]
[-1.00530967],[0.63811404],[-0.44362571],[-0.81591738],[-1.27292248],[-2.02250847],[0.04771326]
[0.99332602],[3.13515492],[1.28767297],[6.02716251],[-0.67728083],[-1.51156239],[3.08131654]
[0.460016],[-1.19454204],[-0.27015613],[-1.58510752],[0.76961408],[-3.90576209],[3.49223445]
[1.57717265],[0.55580738],[-0.71039749],[-0.16393822],[-0.31801392],[0.20446656],[-0.95636766]
[-0.33726622],[0.87369839],[-1.57123337],[-0.85547315],[-0.56882285],[-1.07565162],[-0.44841987]
[-1.08298663],[0.95451673],[1.0002903],[0.65976546],[0.03682337],[0.69910726],[-0.50915479]
[-0.86095715],[1.32409062],[-0.25977386],[0.0831298],[-0.37724714],[-0.18947831],[-0.07338725]
[-0.98077647],[1.23420078],[-0.37983164],[0.37455061],[-0.04606913],[1.06693722],[-0.36086809]
[-0.22722707],[1.02892243],[-0.38085447],[0.29495864],[0.06470687],[-1.2027896],[0.68492013]
[-0.09166977],[1.10109353],[-0.77156999],[0.12960298],[-0.69806714],[0.29310302],[-0.39770399]
[-0.06990838],[1.14569768],[0.04261237],[0.16516874],[-0.55645441],[-1.4131963],[-0.22620185]
[-0.18446111],[0.54166705],[0.79542423],[0.47837477],[0.08270303],[0.39930965],[0.08714483]
[-0.82995839],[0.1720621],[0.02363761],[-0.2879924],[0.00637518],[-0.62212508],[0.29186965]
[-0.46354453],[0.78984245],[0.4600018],[-0.67362666],[-0.77688017],[0.71158186],[0.08681438]
[0.15981497],[0.64703369],[0.25453953],[0.56193855],[-0.04866134],[-0.74399991],[-0.10961038]
[-1.07143369],[0.96630171],[-1.43834095],[-0.00900585],[-0.59191417],[0.80216295],[-1.15547986]
[0.26130945],[0.80683314],[0.33942866],[-0.05328508],[-0.36217299],[-1.0113183],[1.56666107]
[0.2652988],[0.46317329],[0.50595321],[0.0809792],[-0.23104554],[0.91212585],[0.32929876]
[-0.88326249],[-0.02267908],[0.47753511],[-0.5672036],[-0.6118712],[-1.18152023],[0.54593954]
[-0.36071969],[0.6742421],[0.51239745],[-0.23949951],[-0.23159049],[1.23484031],[-0.05210085]
[-0.94265277],[0.8610638],[0.08903703],[-0.73863851],[-0.53943905],[-1.5237542],[-0.05875575]
[-1.01955449],[0.57269706],[1.11430572],[1.65404805],[0.20276283],[1.61199535],[0.72801147]
[-1.05118554],[0.48455521],[-0.24451321],[-1.33355489],[-0.5578554],[-1.28317593],[0.20246817]
[-0.13476178],[1.11850355],[0.70723712],[-0.31951685],[-0.77966169],[-0.11733253],[-1.09852344]
[0.67835692],[-0.57256087],[-0.20151561],[-0.79986389],[-0.46252672],[-1.26213808],[0.58017315]
[0.45920556],[-0.20946012],[0.13301896],[-0.28331255],[-0.5948308],[0.29432229],[-0.27250797]
[-1.10715504],[0.51649439],[0.88849685],[1.04978137],[0.32328134],[-0.6316983],[-0.06774599]
[-0.94287036],[0.00947208],[-0.874777],[-0.02593717],[0.04094441],[0.52107254],[0.59454052]
[0.05889086],[-0.35366629],[0.78331859],[0.08587954],[-0.37689181],[-0.97837247],[0.47211561]
[-0.56360219],[0.81709025],[0.18465903],[-0.07142379],[0.14765012],[1.30174804],[-0.79864993]
[0.19730477],[0.60048068],[-0.31508968],[-0.59282142],[-0.15329356],[-1.92753909],[1.56730891]
[-1.14001112],[-1.23636529],[0.05462138],[-1.74997802],[-0.63813534],[0.2258946],[-0.76378818]
[0.28534503],[-0.20444009],[1.50731858],[1.38361523],[-0.48813001],[-0.54631301],[0.47543543]
[0.02837394],[-0.34951883],[-1.12058515],[-2.05863096],[-0.21144255],[0.80532346],[-0.47315718]
[-0.40832639],[-0.84210214],[0.30219938],[0.39606513],[0.5489939],[-1.40005185],[-0.89850228]
[-0.65901078],[-0.6052416],[0.71151037],[-0.1147869],[0.48755499],[0.43165263],[0.1862322]
[-0.71215981],[-0.68471863],[0.13865325],[-0.47653809],[0.01149214],[-1.61896467],[-0.16316875]
[-1.03303966],[-1.3375463],[0.8769683],[-0.24770374],[0.18257881],[0.64534606],[0.2303173]
[0.75556542],[-0.88693091],[-0.10864208],[-0.44150016],[0.19770019],[-1.40149402],[0.72767995]
[-0.59061944],[-0.28707767],[0.82581875],[-0.89709767],[-0.27953976],[0.22146283],[-1.04442115]
[-0.61878389],[-0.41302959],[0.00120308],[0.18202852],[-1.13946721],[0.7640692],[-0.65143578]
[-0.6415176],[-0.23512303],[1.60952541],[2.86600735],[0.00269646],[-0.05838376],[-1.10540527]
[2.5177017],[-0.68224874],[-0.13736523],[0.96806538],[2.39396919],[-3.06650298],[4.02926332]
[1.17189825],[-1.11751119],[-1.90925848],[-2.04604462],[2.19900203],[0.62175759],[1.35415428]
[0.61071152],[-1.47459762],[-0.94592681],[-1.63923325],[0.61054318],[-0.55299549],[0.62344336]
[-0.14036584],[0.03365735],[1.16855065],[1.164674],[-0.27122606],[-0.15540902],[-0.24771298]
[-0.85004811],[-0.73392389],[0.89850086],[-0.59373692],[-0.29580424],[-0.56533252],[0.23537108]
[0.56552003],[-0.93623506],[0.43874274],[0.26499139],[-0.35546064],[1.09993666],[0.19399321]
[0.87858181],[-0.66978952],[-0.70217381],[-0.14471562],[-0.49917443],[-0.68069993],[-0.71947195]
[0.16577061],[-1.41958933],[0.40558311],[-1.73025202],[-0.61952098],[0.56016199],[0.07548966]
[0.38726793],[-1.43949747],[0.24707517],[1.04396556],[-0.26594402],[-0.96227145],[0.22850856]
[-0.80209608],[-0.56155687],[-0.19950691],[0.67447968],[0.03930958],[1.13823698],[0.23917993]
[-0.0212468],[-0.01290505],[0.18113471],[0.19351765],[0.37367432],[-1.42916514],[0.3625005]
[0.52220257],[-0.63182644],[-0.77094894],[-0.23137006],[0.47570695],[0.89249686],[-0.53236757]
[1.06002004],[-1.26812255],[0.223334],[-0.15507994],[0.36054256],[-1.3433579],[0.29783577]
[-0.2340495],[-1.56900908],[-0.69977076],[-0.31039114],[-0.17558324],[1.4401063],[1.56242273]
[0.73987964],[7.7802745e-05],[0.64306957],[1.39344692],[-1.23253742],[-0.56201909],[-0.53998186]
[-0.53396993],[0.18928479],[1.87722959],[1.06315847],[-0.07733979],[0.21235282],[-0.19711083]
[0.23479976],[0.21019416],[-0.50188615],[0.0058722],[-0.63897156],[-0.4276501],[-1.15424946]
[0.19481467],[-1.08219155],[-0.70220795],[-0.12649808],[0.00379221],[0.36545111],[-1.06818784]
[0.57562404],[-0.86235085],[-0.29945868],[0.11373097],[-0.21008399],[-0.8488737],[-1.03395193]
[0.13775798],[-0.43555838],[-0.09846317],[-0.87045733],[-0.09758454],[0.34533271],[-0.31238502]
[1.08688252],[-0.20112631],[0.23862011],[1.04735188],[0.05105904],[-0.99364853],[0.19379614]
[1.15818307],[-1.6001436],[-0.13524723],[-0.84744707],[0.39695566],[1.160317],[1.66099581]
[-0.24422896],[-0.27763189],[-0.09706729],[1.49412149],[0.17858768],[0.03919056],[-1.17183565]
[-1.06832287],[0.41857435],[0.26755751],[0.21198731],[-0.81385095],[1.17010241],[0.25023618]
[-0.23335776],[0.02159857],[-0.09680078],[-0.20434962],[0.05147467],[-0.85499025],[0.0467258]
[1.21360312],[0.04117856],[-0.70037605],[0.01306481],[-0.53263772],[1.19133439],[-0.14216482]
[1.48751418],[0.27444824],[-0.05367033],[0.09003356],[0.15313462],[-1.12625895],[-0.57566928]
[-0.85246585],[0.29374661],[0.4322592],[0.17410675],[0.4470857],[0.88355509],[-0.21304904]
[0.35298439],[-0.90700873],[-0.18794925],[0.43680201],[0.46995444],[-1.39695917],[-1.07518815]
[-0.88181644],[0.00733509],[-0.50230935],[0.04217229],[0.60070361],[1.37367506],[0.22498663]
[0.40787977],[1.0019002],[-0.0952125],[1.29669741],[-0.1215329],[-0.11230963],[-1.14731788]
[-0.21645164],[0.60539881],[-0.15047956],[0.22420906],[0.40626919],[1.30336941],[0.22484722]
[-1.03666678],[1.06246878],[-0.20099018],[0.67714149],[0.04882268],[-0.37919064],[-0.23496153]
[-0.03523028],[0.48203665],[-1.41589332],[-0.38293697],[0.19143514],[0.91982454],[0.67721247]
[1.58386326],[0.56264686],[-0.67070653],[-0.0852333],[-0.19633348],[0.27590823],[-0.3727014]
[0.979864],[1.10364899],[-1.27184687],[-1.03831588],[-0.26713122],[1.21095328],[-0.08451806]
[1.18423891],[1.82082477],[-1.04862825],[2.29406584],[0.88597576],[-1.44172103],[-0.6615215]
[0.11459624],[0.32150326],[-1.2073362],[-1.03630615],[0.5696943],[0.60976395],[0.66422611]
[-0.59988012],[1.05250777],[0.07450965],[1.1322602],[0.7331106],[-0.995649],[-0.11895209]
[0.17094213],[1.14930877],[0.07281589],[0.1113787],[1.73157509],[2.41306737],[2.37768352]
[0.73746351],[-0.29463766],[-1.5557284],[-1.59392392],[-0.06004336],[-1.53218281],[1.11639303]
[0.268589],[0.5569471],[-1.32745907],[-2.05201807],[0.48864981],[0.39517957],[0.38264885]
[1.01636484],[3.65926976],[3.1125714],[7.55013892],[-0.35876233],[3.93472748],[5.65074872]
[0.73517127],[-0.43126864],[-1.31565514],[0.02576356],[1.82615802],[5.6905165],[4.79865395]
[2.65414498],[-0.02699876],[-1.07827948],[-0.24238327],[0.61939153],[-0.4983416],[-0.91023555]
[2.05144682],[0.74639687],[-1.57185615],[-1.18618451],[0.71923082],[1.00634077],[0.47853466]
[-0.2603961],[1.0489796],[-0.05633201],[-0.75712263],[0.63242458],[-1.04126504],[0.14781736]
[-0.38505879],[1.108006],[0.51844652],[0.84424782],[0.47826795],[1.27804261],[0.05414502]
[-0.59605673],[1.13596571],[-1.87726269],[-0.31342457],[0.05615096],[-1.62530867],[0.08045999]
[0.53389652],[2.18264102],[-0.00513113],[1.28786038],[-0.26497156],[0.62815166],[-0.45693095]
[1.32819795],[-0.31954901],[-0.43884297],[0.95687942],[-0.272954],[-1.30707239],[-0.28589139]
[-0.19970873],[0.48877731],[0.38752962],[0.13404087],[-0.56355779],[1.08509883],[0.08921249]
[0.01395742],[0.37541117],[0.8073575],[-0.89293909],[-0.14306701],[-0.63085649],[0.17466858]
[-1.10688552],[0.35200587],[-1.52172625],[-0.51362549],[-0.18676422],[0.68631878],[0.97730355]
[0.80130925],[0.8193672],[0.23722453],[1.32996325],[0.34857486],[-0.63133551],[0.05515768]
[0.88301363],[1.00463078],[-1.21853931],[1.49209855],[0.59330279],[1.73035999],[0.34037101]
[1.81968187],[0.80116949],[-1.91984784],[1.51713621],[0.0675001],[-0.78446566],[1.13099561]
[-0.53194417],[-0.53113421],[0.2636876],[-1.69095424],[-0.37174237],[2.11148232],[1.9598352]
[-0.4330003],[0.41535112],[-0.68288165],[-2.03971445],[-0.61391179],[-1.67524924],[0.7401663]
[0.13834635],[1.39928059],[0.71465114],[0.63982506],[-0.15774023],[1.83364925],[0.00799564]
[-0.74531628],[0.82842086],[0.62085903],[1.08369232],[-1.15053945],[-0.69713164],[-0.15419142]
[-0.31415236],[2.02682441],[-0.06698169],[1.19086655],[-0.63106814],[0.88414227],[-1.06565863]
[0.20323546],[1.07204602],[0.51026589],[-0.66077044],[0.46104015],[-1.74641719],[0.94604833]
[-0.77783212],[0.02701342],[-1.41717523],[-1.69488078],[0.37867377],[1.61636592],[-0.49575589]
[1.21647529],[-0.05560764],[-0.25417486],[0.08349009],[0.35857051],[-1.05046553],[-0.33120667]
[-1.07995159],[0.75441982],[0.00952587],[0.03401479],[0.24393865],[0.78695821],[0.07484824]
[-0.97833085],[0.09241619],[-0.66252271],[-0.8486841],[-0.11274626],[-0.29612657],[0.67833177]
[-0.57150044],[0.51014656],[1.77195839],[1.41757419],[0.14898396],[0.32979709],[-0.03743868]
[0.0925686],[0.33622289],[0.92372464],[0.68235611],[-0.33891085],[-0.63896681],[0.99499762]
[0.57319211],[0.10920408],[-1.60886839],[-1.0132368],[-0.31153497],[1.57473008],[0.19718739]
[-0.54520078],[0.01001257],[0.54740788],[-0.36911253],[1.32047066],[-1.36578015],[1.35339957]
[0.80920898],[-0.21026821],[-0.2251756],[-0.28045953],[0.24333892],[1.20818216],[0.38474858]
[-0.6156707],[-1.21149589],[-0.55741556],[-0.93646577],[0.60198714],[-1.35687498],[0.81431696]
[0.10100521],[-0.44654781],[0.80757528],[0.28462587],[0.26013649],[0.66605494],[0.21409375]
[-0.92539462],[-0.11508688],[0.4412833],[-0.38836808],[-0.44926674],[-0.78920904],[-0.80369416]
[-0.88670239],[-1.42699354],[1.31945562],[-0.58115923],[0.31507554],[0.14144926],[-0.65870219]
[-0.93548652],[-1.59404114],[1.92734994],[-0.11581258],[-0.26083063],[-0.06720028],[1.16044275]
[-0.94742733],[-1.47158358],[1.23383908],[0.08981724],[-0.5234643],[2.10552672],[-0.61075464]
[-0.30825016],[-0.52030896],[-0.04985017],[-1.25598912],[0.25626561],[-0.88797472],[0.32134559]
[0.05975837],[-1.37868572],[0.87315424],[0.22768597],[0.0083081],[0.642236],[-1.18937173]
[0.83715256],[-1.23171777],[0.78399161],[0.58587025],[0.21180953],[0.09768078],[-0.63561085]
[0.83556564],[0.16214349],[0.72475357],[2.15254077],[1.42574024],[0.90930051],[0.89360649]
[-0.63592842],[-2.32212516],[-0.73729525],[-0.46426781],[0.68969016],[-2.82781724],[4.48028572]
[-0.95459642],[1.49966693],[0.7683159],[0.77209212],[-0.60573997],[-0.91228639],[-1.20201624]
[-0.15259919],[1.88709864],[0.33273658],[-0.11267676],[-0.84865504],[0.53597345],[-0.34086269]
[-0.17220351],[0.96875418],[1.16425373],[1.04091486],[-0.40699251],[0.75808533],[0.30310313]
[-1.05642607],[0.13683681],[-0.20260459],[-0.10640408],[-0.35321441],[-0.81536684],[0.17947903]
[-0.65481928],[-0.08175291],[1.01265899],[-0.90394748],[-0.77714329],[1.02106937],[-1.01717585]
[1.29137697],[-1.36492927],[0.25836705],[0.03286613],[-0.27045055],[0.23970619],[0.32623522]
[0.66947408],[-2.91734651],[1.21956069],[-0.66416293],[-0.6547458],[0.68341961],[-1.12568734]
[-0.29751394],[-1.91153213],[2.91582661],[1.23723841],[-0.53106586],[-0.27323589],[1.94646578]
[-1.0783601],[-0.46217154],[0.83278804],[-0.09565644],[-0.42914405],[1.14166337],[0.3982465]
[0.29204792],[-0.72683121],[-0.85704972],[-0.26460465],[-1.02200859],[-1.74537139],[-0.4798647]
[-0.60280973],[-0.81983511],[0.03521571],[0.4030614],[-0.76770428],[0.58669746],[-0.99122996]
[-0.7862552],[-0.76949911],[-0.3476256],[-1.39986494],[-0.70666335],[-0.63562608],[-1.15551797]
[-0.09645825],[-1.42351027],[0.32291086],[-0.16966837],[-0.54543116],[0.45639166],[-0.49015826]
[-0.54570224],[-0.78682856],[3.03756959],[0.10226365],[-0.81167587],[0.19014307],[-0.92945954]
[0.06451939],[0.66134117],[1.62591963],[-0.22522857],[-0.11365498],[-0.00292491],[-0.70284196]
[-0.97962983],[0.96444751],[0.72138791],[-0.10280324],[-0.73092966],[-0.15625824],[-0.7955319]
[-1.11777462],[-0.21012034],[-0.17621898],[-1.45534659],[-0.92583879],[0.55423675],[-0.14436323]
[-0.56043068],[0.56832201],[0.28977722],[0.53097127],[-1.0408538],[-0.18852784],[-0.65493974]
[1.43131395],[-1.06085387],[0.85804171],[0.3079651],[-1.19802585],[0.74100672],[-0.45843441]
[3.08110137],[-2.3933564],[0.47359434],[1.21379676],[-1.24534424],[0.937264],[-1.08011321]
[0.02911543],[-2.68844938],[-0.50338803],[-1.10537292],[-0.79792974],[-0.80046484],[-0.76376992]
[1.98184284],[-1.49292936],[0.07785863],[2.53416417],[-0.34130224],[-0.12159025],[0.898963]
[-0.90188084],[-0.65671564],[-0.21767082],[0.47665751],[-1.30342605],[-0.63962791],[-1.08780805]
[-0.36841447],[0.03887893],[0.28783917],[-0.33179269],[-1.04437215],[-0.70838434],[0.46543061]
[-0.70884996],[0.12586656],[0.50500863],[-0.72281251],[-0.89227965],[0.62221222],[-0.74059479]
[0.05833332],[-0.33379289],[-0.24218592],[-0.29985829],[-0.34039839],[-0.06255821],[-0.66843971]
[0.47085075],[-1.1186884],[0.13872523],[0.58782228],[-0.36473274],[0.26114947],[-1.07412531]
[1.36975007],[-1.66826419],[1.53668553],[1.19076106],[-0.80046341],[0.14233313],[-0.50683335]
[1.34166821],[-1.5439802],[1.6088414],[0.65724636],[0.06770475],[-0.47277966],[-1.0258902]
[0.35781185],[-0.35267677],[0.62038246],[-0.69517408],[0.09646242],[-0.83940591],[-0.8043675]
[0.28803681],[0.54809606],[0.25892646],[-0.14826375],[0.44084672],[-0.31426083],[-0.65888474]
[-0.25059724],[0.64758027],[-0.30944276],[0.95204152],[-0.5367239],[-0.13041807],[-0.00439161]
[0.87873396],[0.34066943],[-1.28567939],[0.54157411],[0.06748008],[1.43433941],[-0.6867609]
[2.69064835],[1.30634541],[-3.17188456],[0.10526185],[1.1866158],[0.02778508],[-0.92763966]
[2.20677456],[1.53312536],[-2.08382557],[-0.21874407],[1.14424496],[-0.91477534],[-0.69348723]
[2.28192121],[0.74169819],[-2.8751658],[1.48915235],[1.27823759],[0.26742766],[-1.00086749]
[1.51182637],[0.15828628],[-1.64097183],[-0.33494544],[2.64615059],[0.46028615],[1.41296167]
[0.86046423],[0.98655123],[-0.49710724],[-0.57428556],[3.54899466],[-0.86427274],[-0.65511316]
[3.07609852],[0.7953275],[-2.10377232],[1.30458485],[4.25299478],[3.60953644],[0.28719134]
[12.5210771],[-2.31410893],[1.83130657],[-1.04335331],[15.08300462],[-3.78177677],[3.0408892]
