Sampling times,Time(us),A-phase current,B-phase current,C-phase current,Neutral current,A-phase voltege,B-phase voltege,C-phase voltege
1,0,1098.6,1252.47,1034.757,1125.428,1806,2795,1762
2,244,1085.669,1263.549,1036.955,1125.428,1773,2788,1795
3,488,1075.548,1270.196,1040.252,1125.428,1740,2778,1828
4,732,1067.677,1275.181,1044.098,1125.428,1706,2767,1862
5,976,1061.493,1275.735,1050.693,1125.428,1676,2757,1890
6,1220,1055.87,1269.642,1060.035,1125.428,1650,2739,1924
7,1464,1051.373,1260.225,1073.773,1125.428,1623,2713,1960
8,1708,1047.437,1249.146,1089.709,1125.428,1596,2688,1998
9,1952,1042.377,1241.945,1102.898,1125.428,1570,2662,2036
10,2196,1038.441,1236.405,1111.69,1125.428,1548,2637,2073
11,2440,1035.068,1231.974,1119.383,1125.428,1531,2611,2104
12,2684,1032.257,1226.434,1127.626,1125.428,1518,2574,2139
13,2928,1027.197,1222.557,1136.968,1125.428,1512,2535,2170
14,3172,1018.201,1217.571,1151.256,1125.428,1508,2493,2200
15,3416,1006.956,1213.14,1166.093,1125.428,1509,2448,2231
16,3660,996.836,1211.478,1178.732,1125.428,1515,2402,2258
17,3904,989.527,1209.816,1187.525,1125.428,1525,2355,2284
18,4148,985.029,1205.384,1196.317,1125.428,1533,2304,2315
19,4392,984.467,1197.075,1203.461,1124.879,1544,2252,2338
20,4636,990.089,1184.888,1211.154,1125.428,1564,2196,2361
21,4880,1002.458,1169.378,1214.451,1125.428,1585,2137,2388
22,5124,1012.579,1156.637,1217.199,1125.428,1608,2076,2411
23,5368,1020.45,1146.666,1221.046,1125.428,1630,2020,2436
24,5612,1024.385,1138.911,1223.793,1125.428,1653,1966,2456
25,5856,1030.57,1128.386,1227.64,1125.428,1677,1915,2469
26,6100,1036.755,1119.523,1231.487,1125.428,1706,1867,2480
27,6344,1041.252,1107.89,1236.982,1125.428,1742,1820,2485
28,6588,1046.312,1091.826,1248.522,1125.428,1779,1772,2489
29,6832,1050.248,1077.423,1259.512,1125.428,1818,1728,2488
30,7076,1053.059,1068.006,1267.755,1125.978,1860,1690,2485
31,7320,1055.308,1060.251,1272.701,1125.428,1900,1648,2482
32,7564,1060.368,1053.603,1274.899,1125.978,1941,1608,2476
33,7808,1071.051,1046.402,1272.701,1126.527,1984,1573,2468
34,8052,1084.544,1040.863,1265.008,1126.527,2031,1542,2455
35,8296,1100.287,1037.539,1252.369,1126.527,2079,1507,2441
36,8540,1114.342,1033.661,1243.027,1126.527,2127,1474,2427
37,8784,1124.463,1029.23,1236.982,1126.527,2174,1444,2412
38,9028,1132.896,1026.46,1230.937,1126.527,2216,1417,2397
39,9272,1142.454,1024.244,1224.343,1126.527,2256,1400,2379
40,9516,1150.887,1019.813,1218.848,1125.978,2297,1389,2356
41,9760,1164.943,1010.95,1213.902,1125.978,2338,1380,2330
42,10004,1179.561,1000.425,1209.506,1125.978,2376,1381,2300
43,10248,1192.493,989.9,1206.758,1125.978,2410,1388,2267
44,10492,1202.613,982.698,1204.01,1125.978,2443,1396,2234
45,10736,1209.922,978.267,1200.713,1125.978,2474,1405,2201
46,10980,1216.669,978.821,1195.218,1126.527,2504,1419,2172
47,11224,1222.853,983.806,1183.678,1126.527,2532,1436,2140
48,11468,1226.226,994.331,1168.841,1125.978,2559,1462,2102
49,11712,1230.162,1004.856,1152.904,1125.428,2586,1489,2065
50,11956,1236.347,1012.611,1140.265,1125.978,2612,1513,2025
51,12200,1239.72,1017.043,1132.572,1125.978,2635,1537,1992
52,12444,1243.656,1022.582,1123.78,1125.978,2652,1566,1956
53,12688,1245.905,1027.014,1116.086,1125.978,2662,1603,1924
54,12932,1252.089,1032,1105.645,1125.978,2671,1642,1894
55,13176,1262.209,1036.985,1090.808,1125.978,2674,1685,1858
56,13420,1272.892,1040.309,1076.52,1125.978,2672,1730,1832
57,13664,1283.012,1041.971,1063.332,1125.428,2663,1776,1805
58,13908,1289.759,1044.74,1055.089,1125.978,2656,1825,1775
59,14152,1293.694,1048.064,1047.945,1125.978,2647,1874,1751
60,14396,1293.694,1057.481,1039.153,1126.527,2633,1925,1721
61,14640,1286.385,1070.222,1032.558,1125.978,2616,1984,1700
62,14884,1275.703,1085.178,1028.162,1125.978,2593,2042,1674
63,15128,1264.458,1098.473,1025.964,1125.978,2570,2102,1650
64,15372,1257.711,1108.444,1023.216,1125.978,2549,2160,1630
65,15616,1252.089,1115.645,1020.469,1125.428,2527,2211,1606
66,15860,1246.467,1125.616,1016.073,1125.428,2503,2261,1594
67,16104,1241.407,1133.925,1012.775,1125.428,2475,2308,1584
68,16348,1235.784,1146.666,1005.632,1125.428,2438,2358,1576
69,16592,1231.849,1162.731,994.092,1125.978,2400,2405,1578
70,16836,1227.913,1176.579,984.2,1125.978,2361,2447,1575
71,17080,1225.664,1187.104,975.957,1125.978,2321,2488,1579
72,17324,1222.853,1193.751,971.012,1125.428,2276,2529,1584
73,17568,1217.231,1201.507,967.714,1125.428,2236,2566,1588
74,17812,1207.111,1207.6,972.111,1125.428,2194,2602,1597
75,18056,1191.368,1213.14,980.353,1124.879,2147,2637,1609
76,18300,1175.626,1216.463,991.894,1124.879,2097,2670,1621
77,18544,1163.257,1220.895,1002.335,1125.428,2049,2703,1641
78,18788,1152.574,1224.772,1006.731,1124.879,2005,2734,1652
79,19032,1144.141,1226.988,1013.875,1124.879,1960,2759,1667
80,19276,1134.583,1229.758,1020.469,1124.879,1920,2776,1689
81,19520,1124.463,1234.743,1025.415,1124.879,1880,2787,1709
82,19764,1111.531,1244.16,1030.91,1125.428,1838,2795,1737
83,20008,1096.913,1254.685,1034.757,1125.428,1802,2794,1767
84,20252,1084.544,1265.21,1036.955,1125.428,1770,2788,1798
85,20496,1074.424,1272.412,1039.702,1125.428,1733,2777,1833
86,20740,1067.115,1276.289,1043.549,1125.428,1702,2769,1865
87,20984,1060.368,1275.735,1050.693,1125.428,1673,2755,1893
88,21228,1054.746,1270.196,1061.683,1125.428,1645,2734,1928
89,21472,1050.81,1259.671,1076.52,1125.428,1618,2710,1964
90,21716,1045.75,1248.592,1091.358,1125.428,1592,2685,2002
91,21960,1041.815,1241.391,1104.546,1125.428,1568,2660,2041
92,22204,1037.879,1236.959,1112.789,1125.428,1545,2634,2079
93,22448,1034.506,1231.42,1120.482,1125.428,1526,2605,2110
94,22692,1031.694,1226.434,1128.725,1125.428,1517,2569,2143
95,22936,1026.634,1222.003,1138.617,1125.428,1510,2530,2176
96,23180,1015.39,1216.463,1153.454,1125.428,1508,2488,2204
97,23424,1005.832,1213.14,1168.291,1125.428,1509,2442,2233
98,23668,995.149,1211.478,1180.381,1125.428,1515,2398,2263
99,23912,988.403,1208.708,1189.173,1125.428,1525,2349,2289
100,24156,985.029,1204.276,1197.416,1125.428,1533,2296,2317
101,24400,985.591,1196.521,1205.109,1125.428,1549,2245,2342
102,24644,991.776,1182.119,1212.253,1125.428,1566,2189,2365
103,24888,1003.021,1167.716,1216.1,1125.428,1586,2128,2392
104,25132,1013.141,1154.975,1218.298,1125.428,1613,2069,2414
105,25376,1019.888,1146.112,1221.595,1125.428,1634,2011,2439
106,25620,1026.072,1137.249,1224.343,1125.428,1655,1959,2458
107,25864,1032.257,1127.832,1227.64,1125.428,1680,1910,2471
108,26108,1037.317,1118.969,1231.487,1125.428,1712,1861,2482
109,26352,1042.377,1106.228,1239.18,1125.428,1745,1810,2486
110,26596,1047.437,1090.164,1250.171,1125.428,1785,1768,2489
111,26840,1050.81,1076.869,1260.611,1125.428,1824,1724,2488
112,27084,1053.059,1066.898,1268.854,1125.978,1864,1681,2485
113,27328,1055.308,1059.697,1273.8,1125.978,1906,1641,2481
114,27572,1060.93,1053.049,1276.548,1126.527,1948,1603,2475
115,27816,1072.175,1045.848,1271.602,1125.978,1989,1569,2466
116,28060,1086.231,1040.863,1263.359,1126.527,2037,1536,2453
117,28304,1101.973,1037.539,1251.27,1126.527,2087,1502,2438
118,28548,1115.467,1033.661,1241.928,1126.527,2133,1469,2425
119,28792,1125.025,1029.23,1235.333,1125.978,2178,1437,2411
120,29036,1133.458,1027.014,1230.388,1126.527,2222,1414,2395
121,29280,1143.016,1024.798,1223.793,1126.527,2261,1399,2377
122,29524,1152.574,1020.367,1217.199,1126.527,2303,1386,2352
123,29768,1166.63,1010.95,1212.803,1126.527,2343,1380,2326
124,30012,1181.248,999.871,1208.407,1125.978,2380,1384,2297
125,30256,1193.055,989.346,1206.208,1125.978,2414,1388,2263
126,30500,1202.613,983.806,1203.461,1125.978,2448,1396,2230
127,30744,1210.484,980.483,1199.614,1126.527,2479,1408,2199
128,30988,1216.669,979.929,1193.02,1125.978,2508,1419,2168
129,31232,1222.853,986.576,1181.48,1126.527,2536,1437,2135
130,31476,1226.226,997.101,1167.192,1126.527,2564,1466,2098
131,31720,1230.162,1007.072,1151.256,1125.978,2590,1493,2058
132,31964,1235.222,1014.827,1139.716,1125.978,2615,1517,2022
133,32208,1238.596,1018.705,1130.923,1125.428,2636,1541,1987
134,32452,1242.531,1023.69,1123.23,1125.978,2654,1571,1952
135,32696,1244.78,1028.676,1116.086,1125.978,2665,1606,1921
136,32940,1249.84,1034.769,1103.997,1125.978,2671,1649,1888
137,33184,1261.647,1038.093,1089.16,1125.978,2672,1691,1857
138,33428,1272.892,1041.971,1074.872,1125.978,2671,1734,1828
139,33672,1282.45,1043.632,1063.332,1125.978,2663,1783,1797
140,33916,1289.196,1045.294,1055.638,1126.527,2654,1833,1773
141,34160,1292.57,1050.28,1045.747,1125.978,2647,1881,1745
142,34404,1291.445,1059.697,1039.153,1126.527,2632,1932,1720
143,34648,1283.574,1072.991,1032.558,1125.978,2613,1991,1697
144,34892,1272.329,1088.502,1029.261,1125.978,2590,2050,1673
145,35136,1262.771,1100.689,1025.964,1125.978,2568,2110,1648
146,35380,1255.462,1109.552,1023.216,1125.428,2545,2168,1623
147,35624,1249.84,1117.861,1021.568,1125.978,2523,2219,1604
148,35868,1244.78,1126.724,1016.622,1125.428,2499,2267,1591
149,36112,1239.158,1135.033,1013.325,1125.428,2468,2315,1584
150,36356,1234.098,1148.328,1006.181,1125.978,2432,2365,1578
151,36600,1229.038,1164.392,995.191,1125.978,2394,2411,1574
152,36844,1225.664,1176.579,984.2,1125.428,2355,2452,1576
153,37088,1224.54,1185.996,976.507,1125.428,2313,2495,1581
154,37332,1221.166,1193.751,972.111,1125.428,2272,2533,1582
155,37576,1214.42,1200.953,971.012,1125.428,2231,2572,1588
156,37820,1204.299,1207.046,974.309,1125.428,2187,2607,1600
157,38064,1189.119,1211.478,983.651,1124.879,2140,2640,1612
158,38308,1173.377,1214.801,995.191,1124.329,2091,2675,1627
159,38552,1161.008,1219.233,1003.983,1124.879,2044,2707,1641
160,38796,1151.45,1223.665,1010.577,1125.428,1998,2738,1655
161,39040,1143.578,1225.88,1016.073,1125.428,1955,2762,1670
162,39284,1134.021,1228.65,1022.117,1124.879,1915,2779,1688
163,39528,1123.9,1233.082,1028.162,1124.879,1874,2789,1714
164,39772,1109.845,1243.607,1032.009,1125.428,1832,2795,1741
165,40016,1096.351,1254.685,1036.405,1125.428,1797,2794,1770
166,40260,1084.544,1263.549,1038.054,1125.428,1764,2786,1805
167,40504,1074.424,1270.196,1041.351,1125.428,1729,2776,1837
168,40748,1067.115,1274.074,1045.198,1125.428,1698,2766,1868
169,40992,1060.93,1274.074,1051.792,1125.428,1670,2752,1898
170,41236,1055.87,1266.872,1063.881,1125.428,1643,2732,1932
171,41480,1051.935,1255.793,1078.169,1125.428,1614,2707,1972
172,41724,1048.561,1244.714,1093.006,1125.428,1588,2681,2009
173,41968,1042.939,1238.621,1105.645,1125.428,1565,2656,2048
174,42212,1039.566,1234.189,1112.789,1125.428,1543,2632,2081
175,42456,1035.63,1229.204,1121.582,1125.428,1526,2601,2113
176,42700,1033.943,1224.772,1128.176,1125.428,1518,2564,2148
177,42944,1027.197,1219.233,1138.617,1124.879,1511,2525,2178
178,43188,1017.639,1215.355,1154.553,1125.428,1508,2482,2208
179,43432,1005.832,1212.032,1168.291,1125.428,1509,2437,2238
180,43676,996.836,1209.816,1179.831,1125.428,1518,2391,2264
181,43920,990.089,1208.154,1188.624,1125.428,1525,2341,2293
182,44164,987.84,1203.169,1196.317,1125.428,1534,2291,2320
183,44408,987.84,1194.305,1204.01,1125.428,1549,2237,2345
184,44652,995.712,1179.903,1210.055,1125.428,1568,2179,2369
185,44896,1006.956,1166.054,1213.902,1125.428,1590,2120,2392
186,45140,1017.639,1153.313,1216.649,1125.428,1614,2060,2418
187,45384,1023.823,1145.004,1218.848,1125.428,1638,2004,2442
188,45628,1028.321,1135.587,1221.595,1125.428,1659,1952,2460
189,45872,1033.943,1126.724,1225.991,1125.428,1683,1903,2474
190,46116,1039.566,1118.415,1229.289,1125.428,1714,1854,2482
191,46360,1045.75,1104.012,1237.531,1125.428,1753,1807,2488
192,46604,1050.248,1088.502,1249.071,1125.428,1789,1760,2489
193,46848,1053.621,1075.761,1258.963,1125.428,1827,1718,2488
194,47092,1055.308,1066.898,1266.656,1125.978,1872,1675,2484
195,47336,1057.557,1060.251,1270.503,1125.428,1912,1636,2480
196,47580,1063.742,1052.496,1272.152,1125.428,1951,1599,2475
197,47824,1075.548,1046.402,1267.755,1125.978,1996,1564,2464
198,48068,1090.166,1041.971,1258.963,1126.527,2046,1532,2452
199,48312,1105.347,1038.093,1246.873,1126.527,2093,1498,2438
200,48556,1118.278,1033.661,1239.18,1126.527,2139,1465,2421
201,48800,1127.274,1030.338,1233.685,1126.527,2185,1436,2410
202,49044,1136.269,1027.568,1226.541,1126.527,2228,1411,2392
203,49288,1144.703,1025.352,1221.046,1126.527,2267,1395,2373
204,49532,1154.261,1020.367,1216.1,1126.527,2309,1385,2349
205,49776,1168.879,1009.842,1210.605,1125.978,2350,1382,2321
206,50020,1182.372,998.763,1207.857,1125.978,2386,1381,2292
207,50264,1194.742,989.9,1205.659,1126.527,2418,1390,2258
208,50508,1203.175,983.252,1202.911,1125.978,2450,1399,2225
209,50752,1209.922,980.483,1198.515,1125.978,2484,1409,2195
210,50996,1217.231,981.591,1191.371,1126.527,2512,1422,2163
211,51240,1222.853,988.238,1179.282,1126.527,2539,1443,2131
212,51484,1226.789,998.763,1163.895,1125.978,2566,1470,2093
213,51728,1231.287,1009.288,1149.058,1125.978,2593,1496,2054
214,51972,1235.784,1015.935,1137.518,1125.978,2618,1521,2016
215,52216,1239.158,1019.813,1130.374,1125.978,2640,1545,1982
216,52460,1243.093,1024.798,1121.032,1125.978,2656,1575,1949
217,52704,1245.905,1029.23,1113.888,1125.978,2666,1613,1915
218,52948,1252.651,1034.769,1102.898,1126.527,2672,1655,1884
219,53192,1262.771,1039.201,1087.511,1125.978,2673,1698,1853
220,53436,1274.016,1042.524,1073.223,1125.978,2670,1741,1824
221,53680,1283.574,1043.632,1061.683,1125.978,2662,1791,1796
222,53924,1289.759,1045.294,1053.99,1125.978,2653,1838,1767
223,54168,1292.57,1051.942,1045.747,1126.527,2644,1886,1743
224,54412,1291.445,1061.359,1037.504,1126.527,2629,1942,1717
225,54656,1282.45,1076.315,1032.009,1126.527,2610,2000,1694
226,54900,1270.643,1089.61,1027.613,1125.428,2587,2058,1670
227,55144,1261.647,1101.243,1025.415,1125.428,2566,2118,1643
228,55388,1254.9,1110.106,1022.667,1125.428,2543,2175,1623
229,55632,1248.716,1120.077,1019.37,1125.428,2520,2225,1601
230,55876,1243.656,1128.94,1015.523,1125.428,2496,2274,1592
231,56120,1239.158,1137.249,1012.775,1125.978,2465,2322,1582
232,56364,1233.535,1150.544,1004.533,1125.978,2428,2371,1576
233,56608,1227.351,1167.716,992.993,1125.428,2389,2416,1576
234,56852,1225.664,1178.795,983.101,1125.428,2350,2458,1575
235,57096,1223.978,1188.212,975.957,1125.428,2308,2499,1581
236,57340,1220.042,1195.413,970.462,1125.428,2266,2540,1584
237,57584,1214.42,1202.615,969.913,1125.428,2224,2576,1591
238,57828,1202.613,1208.708,974.309,1125.428,2181,2611,1600
239,58072,1186.308,1213.14,984.75,1124.879,2134,2647,1614
240,58316,1171.69,1216.463,996.29,1124.879,2085,2678,1629
241,58560,1158.759,1220.895,1003.983,1124.879,2037,2711,1642
242,58804,1150.887,1224.772,1010.577,1125.428,1992,2742,1657
243,59048,1140.767,1226.988,1016.622,1124.879,1951,2763,1673
244,59292,1131.772,1230.312,1023.766,1125.428,1908,2780,1691
245,59536,1121.651,1235.297,1028.162,1124.879,1868,2792,1719
246,59780,1107.596,1246.376,1032.558,1125.428,1829,2795,1743
247,60024,1092.978,1258.009,1036.955,1125.428,1792,2792,1775
248,60268,1081.733,1266.318,1038.603,1125.428,1759,2785,1808
249,60512,1072.737,1272.412,1041.351,1125.428,1725,2773,1841
250,60756,1065.428,1275.181,1045.747,1125.428,1695,2764,1872
251,61000,1059.244,1273.52,1053.44,1125.428,1665,2750,1900
252,61244,1054.184,1266.318,1066.079,1125.428,1638,2728,1937
253,61488,1050.248,1255.793,1080.367,1125.428,1612,2704,1976
254,61732,1045.75,1245.268,1095.754,1125.428,1586,2679,2013
255,61976,1041.252,1239.175,1106.744,1125.428,1561,2652,2052
256,62220,1037.879,1234.743,1113.888,1125.428,1540,2628,2085
257,62464,1033.381,1229.204,1122.681,1125.428,1523,2597,2118
258,62708,1031.132,1225.326,1130.374,1125.428,1515,2558,2152
259,62952,1024.385,1219.787,1141.914,1125.428,1510,2518,2182
260,63196,1013.703,1215.355,1156.751,1125.428,1509,2476,2213
261,63440,1003.583,1212.586,1171.039,1125.428,1511,2431,2241
262,63684,994.025,1210.924,1182.579,1125.428,1519,2384,2270
263,63928,987.278,1209.262,1190.272,1125.428,1528,2335,2297
264,64172,985.029,1203.169,1198.515,1125.428,1536,2283,2323
265,64416,987.278,1192.644,1206.758,1125.428,1552,2230,2348
266,64660,995.149,1178.795,1212.253,1125.428,1572,2173,2372
267,64904,1006.956,1164.392,1215.55,1125.428,1594,2112,2395
268,65148,1016.514,1152.206,1218.298,1125.428,1617,2054,2422
269,65392,1022.699,1143.342,1221.595,1125.428,1641,1997,2443
270,65636,1027.759,1135.033,1224.343,1125.428,1663,1945,2462
271,65880,1034.506,1125.062,1228.189,1125.428,1688,1896,2475
272,66124,1040.128,1115.091,1231.487,1125.428,1720,1848,2483
273,66368,1044.626,1102.351,1240.279,1125.428,1757,1799,2487
274,66612,1050.248,1086.286,1252.369,1125.978,1794,1755,2489
275,66856,1051.935,1074.099,1261.161,1125.428,1834,1713,2487
276,67100,1054.184,1065.79,1268.854,1125.978,1875,1671,2483
277,67344,1056.995,1058.589,1272.701,1125.428,1917,1632,2480
278,67588,1064.866,1051.388,1273.8,1125.978,1957,1596,2473
279,67832,1076.673,1044.74,1268.305,1125.978,2001,1560,2465
280,68076,1091.291,1040.863,1258.413,1126.527,2050,1529,2449
281,68320,1107.033,1036.431,1247.423,1126.527,2100,1492,2435
282,68564,1118.84,1032.553,1238.081,1125.978,2147,1460,2420
283,68808,1127.836,1029.23,1233.685,1126.527,2191,1432,2406
284,69052,1137.394,1026.46,1225.991,1125.978,2233,1408,2391
285,69296,1146.39,1023.69,1220.496,1126.527,2272,1395,2369
286,69540,1157.072,1018.151,1215.001,1126.527,2315,1384,2347
287,69784,1171.69,1008.18,1210.605,1126.527,2354,1380,2317
288,70028,1184.621,996.547,1207.308,1125.978,2390,1384,2286
289,70272,1196.428,988.792,1205.659,1126.527,2424,1391,2254
290,70516,1204.862,982.144,1201.812,1125.978,2456,1400,2220
291,70760,1212.733,978.821,1197.416,1125.978,2488,1409,2190
292,71004,1219.48,981.591,1189.173,1126.527,2516,1423,2159
293,71248,1224.54,988.792,1177.633,1126.527,2543,1447,2124
294,71492,1227.913,999.317,1161.697,1125.978,2572,1474,2087
295,71736,1232.973,1009.288,1147.409,1125.978,2597,1497,2049
296,71980,1236.909,1015.381,1136.968,1125.978,2622,1525,2009
297,72224,1240.844,1019.813,1128.725,1125.978,2643,1551,1977
298,72468,1244.218,1025.352,1121.032,1126.527,2658,1579,1943
299,72712,1247.029,1030.338,1112.24,1125.978,2667,1617,1911
300,72956,1253.776,1034.215,1100.15,1125.428,2672,1661,1880
301,73200,1265.583,1038.647,1084.763,1125.978,2673,1702,1848
302,73444,1276.827,1041.971,1071.025,1125.978,2669,1749,1820
303,73688,1285.261,1043.078,1060.584,1125.978,2660,1795,1793
304,73932,1291.445,1045.294,1052.891,1125.978,2652,1843,1763
305,74176,1293.694,1051.942,1044.098,1125.978,2642,1894,1738
306,74420,1290.883,1062.467,1036.405,1125.978,2626,1949,1714
307,74664,1281.325,1076.869,1030.36,1125.978,2606,2006,1690
308,74908,1270.081,1090.718,1028.162,1125.978,2584,2067,1665
309,75152,1261.085,1102.904,1024.865,1125.978,2562,2126,1640
310,75396,1255.462,1111.214,1022.667,1125.978,2541,2181,1617
311,75640,1248.716,1120.631,1019.37,1125.978,2518,2232,1602
312,75884,1243.093,1130.048,1014.974,1125.428,2491,2280,1588
313,76128,1238.033,1138.911,1011.676,1125.978,2459,2328,1582
314,76372,1233.535,1153.313,1001.785,1125.978,2423,2377,1576
315,76616,1228.475,1168.824,991.894,1125.978,2385,2422,1573
316,76860,1225.664,1179.903,982.002,1125.428,2344,2463,1578
317,77104,1223.978,1188.212,974.858,1125.428,2302,2504,1580
318,77348,1220.042,1195.967,971.012,1125.428,2260,2544,1584
319,77592,1212.733,1203.722,969.913,1125.428,2220,2582,1594
320,77836,1200.364,1208.708,975.408,1124.879,2176,2616,1600
321,78080,1184.621,1213.693,986.948,1125.428,2127,2650,1617
322,78324,1169.441,1217.017,997.389,1124.879,2079,2684,1631
323,78568,1158.196,1221.449,1006.181,1125.428,2031,2716,1643
324,78812,1149.763,1224.772,1011.127,1125.428,1985,2745,1660
325,79056,1140.205,1227.542,1017.172,1124.879,1945,2766,1673
326,79300,1131.772,1230.866,1024.316,1125.428,1904,2782,1696
327,79544,1119.965,1235.851,1029.261,1124.879,1863,2792,1720
328,79788,1105.347,1246.93,1033.108,1125.428,1824,2794,1748
329,80032,1091.853,1258.563,1036.405,1125.428,1788,2791,1782
330,80276,1081.171,1266.872,1038.603,1125.428,1755,2784,1812
331,80520,1072.737,1273.52,1041.351,1125.428,1720,2771,1846
332,80764,1065.428,1275.181,1045.747,1125.428,1690,2763,1877
333,81008,1059.244,1273.52,1054.539,1125.428,1662,2748,1905
334,81252,1054.184,1264.656,1067.728,1125.428,1635,2725,1944
335,81496,1050.81,1254.131,1082.016,1125.428,1609,2700,1980
336,81740,1046.312,1244.16,1097.402,1125.428,1581,2675,2020
337,81984,1041.815,1238.621,1107.294,1125.428,1557,2649,2057
338,82228,1037.879,1233.636,1115.537,1125.428,1538,2624,2089
339,82472,1034.506,1228.65,1122.681,1125.428,1523,2592,2124
340,82716,1032.257,1224.218,1129.824,1125.428,1515,2553,2154
341,82960,1024.948,1219.233,1143.013,1125.428,1508,2513,2188
342,83204,1014.265,1213.693,1157.301,1125.428,1508,2471,2217
343,83448,1003.583,1211.478,1172.138,1125.428,1511,2424,2246
344,83692,995.149,1210.924,1181.48,1125.428,1519,2377,2275
345,83936,988.965,1208.154,1190.272,1125.428,1529,2329,2299
346,84180,987.278,1202.615,1198.515,1125.428,1539,2277,2327
347,84424,988.965,1190.982,1205.109,1124.879,1554,2222,2351
348,84668,999.085,1176.579,1211.704,1125.428,1574,2165,2373
349,84912,1010.33,1162.177,1214.451,1125.428,1600,2104,2401
350,85156,1019.325,1151.098,1217.199,1125.428,1622,2045,2424
351,85400,1025.51,1142.789,1219.947,1125.428,1642,1990,2448
352,85644,1030.57,1133.925,1222.694,1125.428,1666,1937,2464
353,85888,1037.317,1125.062,1227.09,1125.978,1692,1890,2476
354,86132,1041.815,1115.091,1230.388,1125.428,1724,1842,2486
355,86376,1046.875,1100.135,1240.279,1125.428,1761,1793,2488
356,86620,1051.935,1085.178,1251.819,1125.978,1801,1749,2491
357,86864,1054.184,1073.545,1260.062,1125.428,1840,1707,2486
358,87108,1056.433,1065.79,1267.206,1125.978,1881,1666,2483
359,87352,1058.682,1059.143,1270.503,1125.428,1922,1626,2481
360,87596,1067.115,1051.388,1271.052,1125.978,1965,1591,2472
361,87840,1080.046,1045.848,1265.557,1126.527,2008,1557,2460
362,88084,1095.227,1041.417,1254.567,1126.527,2056,1524,2447
363,88328,1109.282,1036.985,1244.126,1126.527,2106,1488,2433
364,88572,1121.651,1033.107,1235.883,1126.527,2152,1456,2420
365,88816,1129.523,1029.784,1230.388,1125.978,2196,1428,2404
366,89060,1137.956,1028.122,1224.343,1126.527,2238,1408,2387
367,89304,1148.076,1024.798,1218.298,1126.527,2278,1393,2368
368,89548,1158.196,1018.151,1212.803,1125.978,2321,1384,2341
369,89792,1173.377,1008.18,1208.407,1125.978,2359,1381,2313
370,90036,1186.308,997.655,1206.208,1126.527,2395,1384,2282
371,90280,1197.553,988.792,1204.01,1126.527,2428,1392,2250
372,90524,1205.986,983.252,1200.164,1125.978,2460,1401,2216
373,90768,1212.733,981.037,1196.317,1125.978,2490,1411,2187
374,91012,1219.48,983.806,1187.525,1126.527,2520,1428,2154
375,91256,1223.978,991.562,1174.886,1126.527,2548,1448,2120
376,91500,1227.351,1002.64,1159.499,1125.978,2574,1476,2082
377,91744,1232.973,1012.058,1144.662,1125.978,2600,1504,2044
378,91988,1236.909,1017.043,1134.77,1125.978,2626,1528,2006
379,92232,1240.282,1020.921,1126.527,1125.428,2645,1551,1971
380,92476,1243.656,1027.014,1118.834,1125.978,2658,1586,1939
381,92720,1246.467,1030.892,1111.141,1125.978,2667,1624,1906
382,92964,1254.338,1036.431,1098.501,1125.978,2673,1665,1873
383,93208,1265.02,1040.863,1083.664,1125.978,2674,1709,1847
384,93452,1276.265,1043.078,1069.377,1125.978,2667,1755,1815
385,93696,1285.261,1044.74,1059.485,1125.978,2660,1801,1789
386,93940,1290.883,1046.956,1051.792,1125.978,2653,1852,1760
387,94184,1293.132,1053.049,1043.549,1125.978,2641,1901,1734
388,94428,1288.634,1064.682,1036.405,1125.978,2624,1956,1712
389,94672,1279.076,1079.639,1030.36,1125.978,2603,2015,1686
390,94916,1267.269,1093.487,1028.162,1125.978,2581,2075,1664
391,95160,1259.398,1105.12,1025.415,1125.978,2560,2132,1637
392,95404,1253.776,1113.429,1022.667,1125.978,2537,2190,1616
393,95648,1247.591,1122.293,1019.37,1125.978,2513,2239,1599
394,95892,1241.969,1130.602,1015.523,1125.428,2488,2287,1587
395,96136,1236.909,1140.573,1010.577,1125.428,2455,2336,1582
396,96380,1231.287,1154.975,1001.785,1125.428,2418,2384,1575
397,96624,1227.913,1169.932,990.794,1125.978,2380,2428,1575
398,96868,1225.102,1182.119,981.453,1125.978,2340,2470,1576
399,97112,1232.411,1173.256,996.839,1130.374,2174,2477,1550
400,97356,1224.54,1223.111,992.443,1143.013,2106,2449,1461
401,97600,1217.231,1206.492,1003.983,1138.617,2088,2520,1500
402,97844,1219.48,1205.384,994.641,1135.869,2078,2560,1516
403,98088,1222.853,1199.291,995.191,1135.32,2067,2593,1536
404,98332,1203.737,1207.6,1006.181,1135.32,2050,2638,1573
405,98576,1183.497,1218.125,1017.172,1135.869,2035,2679,1612
406,98820,1171.69,1224.218,1022.667,1135.869,2016,2725,1651
407,99064,1167.754,1226.434,1025.415,1135.869,1994,2772,1694
408,99308,1161.57,1228.096,1029.261,1135.869,1973,2817,1747
409,99552,1154.261,1231.974,1032.558,1135.869,1954,2853,1795
410,99796,1143.016,1240.283,1035.306,1135.869,1939,2876,1849
411,100040,1132.896,1248.592,1036.955,1135.869,1926,2887,1899
412,100284,1125.587,1253.578,1039.153,1135.869,1914,2898,1955
413,100528,1117.716,1256.347,1044.098,1135.869,1899,2909,2007
414,100772,1110.407,1259.117,1050.143,1135.869,1885,2916,2060
415,101016,1103.66,1256.347,1058.936,1135.869,1875,2920,2117
416,101260,1100.287,1245.822,1072.124,1135.869,1864,2912,2170
417,101504,1098.038,1233.636,1087.511,1135.869,1853,2899,2230
418,101748,1095.789,1224.772,1099.601,1136.419,1845,2891,2293
419,101992,1090.729,1220.895,1106.744,1135.869,1835,2884,2346
420,102236,1085.106,1219.787,1113.888,1135.869,1827,2870,2400
421,102480,1080.609,1216.463,1121.582,1135.869,1821,2852,2446
422,102724,1078.36,1210.37,1129.275,1135.32,1817,2824,2488
423,102968,1069.926,1205.384,1140.815,1134.77,1817,2789,2532
424,103212,1058.682,1202.615,1155.652,1135.32,1820,2749,2564
425,103456,1046.875,1199.845,1169.39,1134.77,1824,2702,2594
426,103700,1036.755,1199.845,1179.282,1134.77,1830,2656,2622
427,103944,1029.446,1197.629,1189.173,1134.77,1834,2608,2646
428,104188,1025.51,1193.198,1197.966,1135.32,1841,2555,2671
429,104432,1026.072,1182.673,1206.208,1134.77,1851,2498,2688
430,104676,1031.694,1169.378,1212.803,1134.221,1861,2436,2704
431,104920,1041.815,1155.529,1218.298,1134.77,1873,2368,2721
432,105164,1049.124,1144.45,1221.595,1134.77,1884,2303,2736
433,105408,1053.621,1136.695,1225.991,1134.77,1897,2241,2748
434,105652,1056.995,1128.94,1230.388,1134.77,1910,2181,2754
435,105896,1062.055,1117.861,1235.333,1134.77,1922,2124,2753
436,106140,1064.866,1107.336,1244.126,1134.77,1935,2065,2741
437,106384,1067.115,1091.272,1256.765,1134.77,1952,2004,2728
438,106628,1068.239,1075.761,1271.052,1134.77,1969,1943,2710
439,106872,1069.926,1062.467,1283.692,1134.77,1988,1885,2686
440,107116,1068.802,1052.496,1294.682,1134.77,2006,1823,2660
441,107360,1069.926,1044.74,1300.727,1134.77,2026,1764,2629
442,107604,1075.548,1038.093,1302.925,1135.32,2045,1705,2600
443,107848,1086.231,1032,1298.529,1135.32,2068,1648,2563
444,108092,1100.287,1027.568,1289.187,1135.32,2088,1590,2524
445,108336,1114.342,1024.798,1277.647,1135.32,2109,1534,2482
446,108580,1126.149,1021.475,1268.854,1134.77,2130,1476,2442
447,108824,1136.269,1019.259,1262.26,1135.32,2150,1425,2399
448,109068,1146.952,1018.151,1252.369,1135.32,2169,1384,2354
449,109312,1163.257,1015.381,1239.18,1135.32,2189,1342,2307
450,109556,1174.501,1013.719,1229.289,1135.32,2208,1310,2261
451,109800,1182.372,1009.842,1224.892,1135.32,2224,1285,2209
452,110044,1189.119,1003.748,1223.793,1135.32,2238,1268,2156
453,110288,1199.239,997.101,1219.947,1134.77,2254,1257,2100
454,110532,1209.36,993.777,1212.253,1134.77,2265,1249,2042
455,110776,1219.48,993.223,1202.911,1134.77,2278,1245,1988
456,111020,1224.54,998.763,1193.02,1134.77,2292,1242,1930
457,111264,1226.789,1008.734,1181.48,1135.32,2303,1249,1873
458,111508,1228.475,1020.367,1166.643,1134.77,2312,1256,1816
459,111752,1232.411,1028.122,1153.454,1134.221,2321,1267,1757
460,111996,1237.471,1032.553,1143.563,1134.221,2330,1279,1701
461,112240,1243.093,1034.769,1135.32,1133.671,2336,1292,1648
462,112484,1247.591,1039.201,1128.176,1134.77,2343,1314,1600
463,112728,1249.278,1044.74,1119.383,1134.221,2346,1342,1556
464,112972,1257.149,1051.942,1106.195,1134.77,2347,1374,1513
465,113216,1268.394,1054.157,1091.907,1134.221,2345,1410,1480
466,113460,1281.325,1055.265,1078.169,1134.221,2342,1456,1449
467,113704,1291.445,1056.927,1067.179,1134.77,2337,1502,1420
468,113948,1297.068,1059.697,1057.837,1134.221,2331,1550,1399
469,114192,1301.003,1067.452,1047.945,1134.77,2325,1605,1374
470,114436,1298.192,1077.977,1040.252,1134.77,2316,1663,1357
471,114680,1290.883,1092.38,1033.657,1135.32,2304,1728,1340
472,114924,1280.201,1107.336,1028.712,1134.77,2290,1795,1325
473,115168,1272.329,1118.415,1024.865,1134.77,2280,1862,1313
474,115412,1267.832,1126.724,1021.018,1134.77,2271,1923,1296
475,115656,1264.458,1135.587,1017.172,1135.32,2258,1984,1294
476,115900,1259.398,1143.896,1011.127,1134.221,2242,2043,1298
477,116144,1258.274,1154.975,1003.983,1135.32,2229,2101,1306
478,116388,1253.776,1170.486,991.894,1134.77,2214,2161,1323
479,116632,1251.527,1186.55,978.705,1135.32,2194,2220,1337
480,116876,1251.527,1198.737,966.066,1134.77,2177,2280,1364
481,117120,1252.089,1207.6,956.724,1134.77,2160,2339,1390
482,117364,1248.716,1215.355,951.229,1134.77,2141,2401,1419
483,117608,1241.407,1222.557,948.481,1133.671,2120,2458,1452
484,117852,1230.162,1229.758,954.526,1134.221,2100,2515,1486
485,118096,1216.106,1233.082,964.967,1134.221,2079,2573,1528
486,118340,1202.051,1235.297,977.056,1134.221,2057,2632,1568
487,118584,1190.244,1238.067,985.299,1134.221,2034,2688,1612
488,118828,1178.999,1241.391,992.993,1134.221,2013,2740,1653
489,119072,1167.754,1245.268,1005.082,1135.32,1992,2780,1690
490,119316,1150.887,1243.607,1014.974,1132.572,1975,2823,1744
491,119560,1141.33,1245.268,1024.316,1133.122,1957,2853,1792
492,119804,1135.145,1250.254,1028.712,1134.221,1939,2878,1842
493,120048,1126.149,1256.347,1030.91,1134.221,1926,2895,1896
494,120292,1115.467,1261.887,1034.207,1133.671,1912,2904,1952
495,120536,1104.785,1266.318,1042.45,1134.221,1899,2913,2009
496,120780,1095.789,1265.21,1052.341,1134.221,1888,2918,2065
497,121024,1090.166,1260.225,1061.683,1133.671,1875,2920,2122
498,121268,1087.918,1250.808,1073.773,1133.671,1864,2914,2179
499,121512,1085.669,1239.729,1088.06,1134.221,1854,2903,2238
500,121756,1080.046,1232.528,1100.7,1134.221,1845,2893,2297
501,122000,1074.424,1228.096,1110.042,1133.671,1836,2883,2353
502,122244,1069.926,1225.326,1117.185,1133.671,1828,2867,2405
503,122488,1065.428,1222.557,1124.879,1133.671,1824,2845,2452
504,122732,1062.055,1216.463,1133.122,1133.671,1821,2817,2496
505,122976,1055.308,1209.262,1147.409,1133.671,1820,2786,2536
506,123220,1042.939,1205.384,1161.147,1132.572,1820,2750,2570
507,123464,1030.57,1205.384,1174.886,1133.122,1824,2708,2601
508,123708,1021.012,1203.722,1185.876,1133.122,1829,2659,2627
509,123952,1014.265,1199.845,1196.867,1133.122,1836,2609,2654
510,124196,1012.016,1190.982,1206.208,1132.572,1843,2555,2676
511,124440,1014.265,1179.349,1213.902,1132.023,1852,2496,2692
512,124684,1022.699,1164.946,1219.947,1132.023,1863,2429,2710
513,124928,1032.819,1151.098,1224.343,1132.572,1874,2364,2725
514,125172,1041.252,1139.465,1228.189,1132.572,1888,2298,2739
515,125416,1046.312,1132.264,1231.487,1133.122,1899,2234,2752
516,125660,1050.81,1122.847,1236.982,1133.122,1911,2176,2756
517,125904,1055.308,1112.876,1241.378,1132.572,1924,2117,2753
518,126148,1058.119,1101.243,1248.522,1132.023,1939,2056,2742
519,126392,1061.493,1085.732,1261.161,1132.572,1955,1996,2728
520,126636,1064.304,1070.222,1274.35,1132.572,1972,1936,2709
521,126880,1064.866,1058.035,1286.989,1132.572,1990,1876,2684
522,127124,1065.428,1049.172,1295.232,1132.572,2008,1816,2659
523,127368,1067.115,1040.309,1300.727,1132.023,2029,1758,2628
524,127612,1074.424,1033.661,1302.925,1133.122,2048,1699,2597
525,127856,1086.231,1027.014,1295.232,1132.572,2070,1643,2560
526,128100,1100.287,1023.69,1286.439,1133.122,2091,1585,2520
527,128344,1114.342,1020.367,1274.35,1132.572,2112,1527,2479
528,128588,1125.587,1017.043,1266.107,1132.572,2132,1470,2436
529,128832,1136.269,1015.381,1258.963,1133.122,2155,1419,2395
530,129076,1154.261,1013.719,1247.423,1134.77,2191,1385,2363
531,129320,1161.57,1010.95,1235.883,1132.572,2197,1340,2307
532,129564,1170.566,1008.734,1226.541,1131.473,2212,1309,2257
533,129808,1180.123,1005.964,1222.694,1132.572,2228,1284,2206
534,130052,1190.244,999.871,1222.694,1133.671,2243,1269,2152
535,130296,1199.802,993.223,1217.749,1133.122,2256,1261,2096
536,130540,1210.484,991.008,1208.956,1133.122,2269,1249,2039
537,130784,1219.48,991.008,1200.713,1133.122,2282,1246,1982
538,131028,1224.54,996.547,1190.272,1133.122,2296,1247,1927
539,131272,1226.789,1005.964,1177.633,1133.122,2306,1251,1869
540,131516,1229.038,1017.043,1163.895,1133.122,2315,1262,1810
541,131760,1234.66,1023.136,1151.256,1132.572,2323,1273,1753
542,132004,1240.282,1027.568,1141.364,1132.572,2334,1281,1696
543,132248,1245.905,1029.784,1133.671,1132.572,2339,1296,1644
544,132492,1249.278,1033.661,1126.527,1132.572,2344,1321,1600
545,132736,1252.651,1039.201,1117.735,1132.572,2348,1350,1552
546,132980,1259.96,1046.402,1103.447,1132.572,2349,1381,1513
547,133224,1271.767,1050.28,1088.61,1133.122,2348,1418,1477
548,133468,1284.699,1050.834,1075.421,1133.122,2344,1460,1448
549,133712,1293.694,1051.942,1063.881,1132.572,2339,1507,1420
550,133956,1299.317,1056.373,1053.99,1132.572,2334,1559,1396
551,134200,1302.69,1064.128,1044.648,1133.122,2326,1613,1378
552,134444,1298.754,1075.761,1036.405,1133.122,2317,1673,1357
553,134688,1290.321,1090.718,1030.91,1133.671,2306,1737,1344
554,134932,1279.076,1105.12,1025.964,1133.122,2293,1805,1324
555,135176,1272.329,1115.645,1022.667,1133.122,2281,1871,1312
556,135420,1267.832,1124.508,1019.37,1133.671,2269,1932,1302
557,135664,1262.209,1133.371,1014.424,1133.122,2259,1993,1296
558,135908,1258.836,1142.789,1010.028,1133.671,2245,2050,1299
559,136152,1256.025,1153.867,1001.235,1133.122,2229,2112,1311
560,136396,1252.089,1170.486,989.146,1133.671,2214,2173,1326
561,136640,1250.402,1185.996,976.507,1133.671,2196,2230,1345
562,136884,1249.84,1197.629,964.417,1133.671,2178,2290,1368
563,137128,1249.278,1205.938,956.174,1133.122,2160,2351,1396
564,137372,1246.467,1213.693,950.13,1133.122,2140,2411,1425
565,137616,1239.158,1221.449,949.58,1133.122,2119,2467,1456
566,137860,1226.789,1226.988,955.625,1132.572,2099,2525,1496
567,138104,1212.733,1229.758,966.066,1132.572,2078,2581,1533
568,138348,1198.677,1232.528,978.155,1132.572,2055,2641,1578
569,138592,1186.87,1235.851,985.299,1132.023,2035,2697,1621
570,138836,1175.063,1237.513,992.443,1131.473,2013,2747,1659
571,139080,1164.943,1239.729,1004.533,1132.572,1993,2790,1703
572,139324,1149.763,1243.053,1016.073,1132.572,1969,2827,1748
573,139568,1140.767,1244.16,1024.865,1132.572,1955,2858,1799
574,139812,1132.896,1248.038,1025.964,1132.023,1939,2881,1852
575,140056,1124.463,1255.793,1028.162,1132.572,1924,2895,1903
576,140300,1114.342,1260.779,1033.108,1132.023,1911,2905,1963
577,140544,1103.098,1264.102,1041.351,1132.572,1898,2913,2016
578,140788,1094.102,1263.549,1051.242,1132.572,1885,2919,2072
579,141032,1089.604,1257.455,1060.584,1132.023,1874,2918,2130
580,141276,1087.355,1247.484,1072.674,1132.023,1863,2911,2184
581,141520,1084.544,1237.513,1087.511,1132.572,1852,2902,2248
582,141764,1078.922,1230.866,1098.501,1132.572,1842,2891,2305
583,142008,1072.737,1226.988,1108.393,1132.023,1836,2879,2360
584,142252,1068.239,1224.772,1115.537,1132.572,1828,2864,2413
585,142496,1063.742,1220.895,1122.681,1132.023,1824,2840,2456
586,142740,1060.93,1215.355,1131.473,1132.023,1821,2812,2502
587,142984,1051.935,1208.708,1144.662,1131.473,1819,2781,2541
588,143228,1039.003,1205.938,1160.048,1131.473,1821,2743,2573
589,143472,1027.759,1204.83,1173.237,1131.473,1825,2700,2605
590,143716,1018.201,1203.169,1184.227,1131.473,1831,2654,2629
591,143960,1012.579,1198.737,1195.218,1131.473,1835,2601,2654
592,144204,1010.33,1190.428,1203.461,1130.923,1843,2548,2680
593,144448,1013.703,1178.241,1211.704,1130.923,1853,2487,2692
594,144692,1022.699,1164.392,1217.199,1130.923,1864,2419,2712
595,144936,1032.819,1150.544,1220.496,1130.923,1876,2354,2728
596,145180,1040.128,1140.019,1225.991,1131.473,1888,2288,2741
597,145424,1045.75,1131.71,1228.189,1131.473,1901,2223,2754
598,145668,1049.686,1122.293,1233.135,1131.473,1912,2167,2756
599,145912,1053.059,1112.322,1238.081,1130.923,1924,2110,2752
600,146156,1056.433,1101.243,1246.873,1130.923,1941,2048,2741
601,146400,1059.244,1085.178,1260.062,1130.923,1957,1988,2723
602,146644,1060.93,1069.668,1272.152,1130.374,1976,1928,2706
603,146888,1063.179,1058.589,1284.241,1131.473,1993,1866,2680
604,147132,1062.055,1049.726,1293.034,1130.923,2012,1808,2653
605,147376,1064.304,1041.971,1298.529,1130.923,2031,1749,2625
606,147620,1072.737,1034.215,1298.529,1131.473,2051,1689,2590
607,147864,1084.544,1029.23,1291.934,1131.473,2072,1635,2555
608,148108,1098.6,1025.352,1280.394,1130.923,2094,1578,2513
609,148352,1111.531,1022.029,1270.503,1130.923,2116,1520,2473
610,148596,1122.776,1019.259,1262.26,1130.923,2135,1463,2432
611,148840,1135.145,1017.597,1255.666,1132.572,2158,1414,2388
612,149084,1145.827,1015.381,1243.576,1130.923,2179,1373,2350
613,149328,1161.57,1012.058,1230.388,1130.923,2199,1336,2299
614,149572,1170.003,1012.058,1223.793,1131.473,2216,1304,2251
615,149816,1176.188,1007.072,1221.595,1130.923,2234,1283,2200
616,150060,1185.184,998.763,1221.046,1131.473,2247,1269,2145
617,150304,1195.304,994.331,1215.001,1130.923,2259,1259,2089
618,150548,1207.111,992.115,1206.758,1131.473,2274,1251,2033
619,150792,1216.106,992.115,1197.966,1131.473,2286,1245,1976
620,151036,1220.604,998.209,1187.525,1131.473,2298,1248,1922
621,151280,1221.729,1008.734,1175.985,1131.473,2309,1257,1862
622,151524,1224.54,1018.705,1161.147,1130.923,2320,1265,1805
623,151768,1230.724,1024.244,1149.058,1130.923,2328,1276,1745
624,152012,1235.784,1027.568,1140.265,1130.923,2338,1287,1692
625,152256,1241.969,1030.338,1132.023,1130.923,2344,1303,1643
626,152500,1245.342,1034.215,1124.879,1130.923,2349,1326,1593
627,152744,1248.153,1040.863,1115.537,1130.923,2352,1358,1552
628,152988,1257.149,1045.294,1101.249,1130.923,2351,1389,1509
629,153232,1269.518,1049.172,1086.961,1131.473,2351,1424,1478
630,153476,1281.325,1050.28,1073.773,1131.473,2348,1469,1448
631,153720,1290.321,1052.496,1062.782,1131.473,2340,1517,1421
632,153964,1297.068,1057.481,1052.891,1132.023,2336,1566,1397
633,154208,1298.192,1065.79,1043.549,1132.023,2329,1624,1376
634,154452,1294.256,1077.423,1035.856,1132.023,2319,1682,1357
635,154696,1284.699,1092.933,1030.36,1132.023,2305,1749,1343
636,154940,1274.578,1106.782,1025.964,1132.023,2294,1818,1327
637,155184,1267.832,1117.861,1022.667,1132.572,2283,1882,1312
638,155428,1262.771,1126.17,1018.271,1132.023,2272,1943,1302
639,155672,1257.149,1135.587,1013.875,1132.023,2259,2003,1298
640,155916,1253.776,1145.004,1008.929,1132.023,2245,2060,1304
641,156160,1251.527,1156.637,999.037,1132.023,2230,2121,1314
642,156404,1248.153,1172.148,986.948,1132.023,2213,2181,1331
643,156648,1246.467,1187.658,974.309,1132.572,2196,2240,1350
644,156892,1245.342,1198.737,962.219,1131.473,2178,2301,1376
645,157136,1244.78,1208.154,954.526,1132.023,2158,2362,1402
646,157380,1241.407,1215.355,949.031,1131.473,2138,2422,1431
647,157624,1233.535,1223.111,949.031,1131.473,2120,2479,1465
648,157868,1220.604,1228.096,956.174,1130.923,2098,2535,1502
649,158112,1206.548,1230.866,968.264,1131.473,2075,2591,1543
650,158356,1193.055,1234.189,978.155,1131.473,2055,2651,1584
651,158600,1181.81,1236.959,985.849,1130.923,2034,2705,1627
652,158844,1169.441,1238.067,992.443,1129.275,2007,2755,1667
653,159088,1158.196,1241.945,1007.28,1132.023,1988,2793,1703
654,159332,1141.33,1243.607,1017.172,1130.374,1969,2832,1757
655,159576,1135.707,1245.268,1023.766,1130.923,1952,2861,1806
656,159820,1128.398,1250.808,1025.964,1131.473,1937,2885,1857
657,160064,1119.403,1257.455,1027.613,1130.923,1923,2897,1912
658,160308,1107.596,1262.441,1033.657,1130.923,1910,2905,1968
659,160552,1095.789,1264.656,1042.45,1130.374,1897,2915,2025
660,160796,1089.042,1264.102,1051.792,1130.923,1883,2919,2080
661,161040,1085.669,1258.009,1061.134,1130.923,1872,2917,2136
662,161284,1083.42,1246.93,1074.322,1130.923,1861,2911,2193
663,161528,1078.922,1236.959,1087.511,1130.923,1849,2898,2251
664,161772,1072.737,1231.42,1099.601,1130.923,1839,2887,2311
665,162016,1068.239,1227.542,1108.393,1130.923,1832,2877,2366
666,162260,1062.055,1225.88,1115.537,1130.923,1825,2857,2414
667,162504,1058.119,1222.557,1123.23,1130.923,1819,2833,2461
668,162748,1054.746,1215.909,1133.122,1130.923,1818,2806,2502
669,162992,1045.75,1209.816,1146.86,1130.374,1816,2773,2542
670,163236,1032.819,1207.6,1161.147,1129.824,1818,2735,2576
671,163480,1021.574,1205.938,1174.336,1130.374,1821,2694,2604
672,163724,1013.141,1203.169,1185.327,1129.824,1828,2644,2630
673,163968,1006.956,1198.737,1195.218,1129.824,1832,2592,2653
674,164212,1006.394,1190.428,1205.109,1130.374,1840,2537,2676
675,164456,1009.767,1177.687,1211.704,1129.275,1851,2475,2693
676,164700,1019.888,1162.731,1217.199,1129.275,1862,2408,2710
677,164944,1030.008,1149.436,1220.496,1129.275,1875,2342,2726
678,165188,1037.317,1139.465,1224.343,1129.824,1885,2277,2739
679,165432,1041.815,1131.71,1228.189,1130.374,1897,2215,2750
680,165676,1045.75,1121.185,1233.135,1129.824,1911,2157,2752
681,165920,1050.81,1111.214,1238.63,1129.824,1924,2097,2746
682,166164,1053.621,1099.027,1247.423,1129.824,1939,2037,2736
683,166408,1056.995,1081.855,1260.611,1129.275,1956,1977,2718
684,166652,1058.682,1068.006,1273.251,1129.275,1976,1917,2700
685,166896,1059.244,1056.927,1284.241,1129.824,1993,1856,2673
686,167140,1059.244,1049.172,1291.934,1129.824,2013,1797,2647
687,167384,1062.055,1040.863,1296.331,1129.275,2032,1738,2618
688,167628,1070.488,1033.661,1296.331,1129.824,2053,1681,2583
689,167872,1082.857,1029.23,1288.637,1129.824,2074,1626,2548
690,168116,1096.913,1026.46,1277.097,1129.824,2094,1568,2505
691,168360,1110.407,1023.136,1268.305,1130.374,2117,1511,2464
692,168604,1121.089,1019.813,1258.963,1129.275,2139,1453,2424
693,168848,1132.896,1018.705,1252.369,1130.923,2166,1408,2383
694,169092,1145.265,1014.273,1238.081,1128.725,2191,1373,2351
695,169336,1161.57,1013.719,1227.09,1130.374,2208,1334,2297
696,169580,1167.192,1012.611,1222.694,1130.374,2226,1307,2248
697,169824,1173.939,1005.41,1220.496,1129.275,2242,1286,2200
698,170068,1184.059,999.317,1218.298,1130.374,2257,1273,2142
699,170312,1194.179,993.777,1213.352,1129.824,2268,1265,2089
700,170556,1204.862,992.115,1203.461,1129.824,2280,1255,2032
701,170800,1212.171,993.777,1195.218,1129.824,2293,1252,1975
702,171044,1215.544,1000.425,1184.777,1129.824,2305,1254,1920
703,171288,1217.793,1011.504,1172.138,1129.824,2314,1261,1862
704,171532,1222.291,1020.921,1158.4,1129.824,2325,1273,1803
705,171776,1227.913,1025.352,1146.31,1129.275,2336,1283,1744
706,172020,1232.973,1029.23,1138.617,1129.824,2344,1294,1690
707,172264,1239.158,1030.892,1129.824,1129.275,2351,1312,1641
708,172508,1242.531,1034.769,1123.23,1129.824,2353,1335,1592
709,172752,1245.342,1041.417,1113.888,1129.824,2355,1367,1550
710,172996,1255.462,1046.402,1098.501,1129.824,2358,1400,1510
711,173240,1267.832,1049.172,1085.313,1130.374,2355,1434,1478
712,173484,1279.638,1050.28,1071.575,1129.824,2351,1479,1449
713,173728,1288.634,1053.049,1060.035,1130.374,2345,1528,1422
714,173972,1293.132,1058.589,1050.143,1130.374,2338,1578,1397
715,174216,1294.819,1067.452,1041.9,1130.923,2331,1636,1378
716,174460,1288.072,1079.085,1035.306,1130.374,2320,1697,1361
717,174704,1279.076,1094.041,1029.261,1130.374,2310,1763,1344
718,174948,1269.518,1107.89,1025.964,1130.923,2297,1830,1329
719,175192,1262.209,1117.307,1022.667,1130.374,2287,1897,1316
720,175436,1257.711,1126.17,1018.271,1130.374,2274,1954,1305
721,175680,1253.214,1136.141,1013.875,1130.374,2262,2015,1304
722,175924,1249.278,1145.004,1008.379,1130.374,2250,2074,1310
723,176168,1246.467,1157.745,999.037,1130.374,2233,2133,1320
724,176412,1244.218,1173.809,986.398,1130.923,2216,2194,1340
725,176656,1241.969,1187.658,973.21,1130.374,2198,2255,1360
726,176900,1242.531,1198.737,962.219,1130.923,2180,2313,1385
727,177144,1241.407,1207.6,955.075,1130.923,2161,2376,1409
728,177388,1236.909,1215.355,950.679,1130.374,2140,2433,1440
729,177632,1228.475,1222.557,950.679,1130.374,2120,2492,1475
730,177876,1215.544,1226.434,958.922,1129.824,2100,2548,1513
731,178120,1201.488,1229.204,970.462,1129.824,2078,2604,1556
732,178364,1188.557,1231.974,980.903,1129.824,2056,2662,1594
733,178608,1177.875,1234.743,988.596,1129.824,2034,2718,1638
734,178852,1164.943,1236.405,995.74,1128.725,2002,2762,1676
735,179096,1148.076,1240.283,1008.379,1128.725,1964,2789,1699
736,179340,1139.081,1244.714,1022.117,1131.473,1957,2834,1757
737,179584,1132.334,1243.053,1024.865,1129.824,1947,2863,1811
738,179828,1126.149,1249.7,1025.415,1129.824,1932,2882,1861
739,180072,1114.905,1256.347,1028.162,1129.275,1916,2896,1917
740,180316,1103.098,1261.887,1035.856,1129.824,1904,2902,1968
741,180560,1093.54,1264.102,1045.198,1130.374,1891,2912,2029
742,180804,1086.793,1261.887,1052.891,1129.824,1878,2918,2082
743,181048,1083.42,1253.578,1063.332,1129.824,1867,2914,2139
744,181292,1080.609,1243.053,1075.971,1129.275,1856,2904,2200
745,181536,1076.111,1234.743,1089.709,1129.824,1844,2894,2256
746,181780,1071.051,1229.204,1100.7,1129.824,1835,2881,2316
747,182024,1064.866,1226.988,1109.492,1129.824,1828,2869,2368
748,182268,1060.368,1224.772,1116.086,1129.824,1821,2853,2418
749,182512,1056.995,1219.787,1123.23,1129.275,1816,2827,2462
750,182756,1051.935,1213.693,1133.671,1129.275,1816,2798,2505
751,183000,1041.815,1208.708,1147.409,1128.725,1813,2766,2545
752,183244,1029.446,1206.492,1162.246,1128.725,1814,2729,2575
753,183488,1017.076,1204.83,1175.985,1128.725,1819,2682,2604
754,183732,1009.205,1202.615,1185.876,1128.725,1825,2634,2630
755,183976,1004.145,1197.629,1196.317,1128.725,1831,2583,2654
756,184220,1004.145,1188.766,1204.56,1128.725,1837,2525,2677
757,184464,1008.643,1175.471,1211.704,1128.176,1850,2464,2692
758,184708,1018.763,1160.515,1216.649,1128.176,1861,2397,2709
759,184952,1028.883,1147.22,1219.947,1128.176,1873,2329,2725
760,185196,1035.068,1137.803,1224.343,1128.725,1886,2265,2736
761,185440,1040.128,1129.494,1227.09,1128.176,1898,2203,2748
762,185684,1044.626,1119.523,1232.586,1128.725,1909,2145,2747
763,185928,1048.561,1109.552,1238.63,1128.725,1922,2087,2742
764,186172,1050.248,1096.811,1247.972,1127.626,1939,2025,2730
765,186416,1054.184,1080.747,1261.711,1128.176,1958,1965,2712
766,186660,1055.308,1066.344,1274.35,1128.176,1973,1905,2692
767,186904,1055.87,1055.819,1285.34,1128.725,1991,1842,2666
768,187148,1056.433,1048.064,1291.934,1128.176,2010,1783,2638
769,187392,1059.244,1039.755,1295.781,1127.626,2031,1727,2609
770,187636,1069.926,1033.107,1294.682,1128.725,2050,1669,2574
771,187880,1082.295,1028.122,1286.989,1128.725,2073,1613,2537
772,188124,1095.789,1025.906,1274.899,1128.176,2094,1556,2494
773,188368,1109.282,1022.582,1265.557,1128.725,2115,1499,2453
774,188612,1118.278,1019.259,1257.864,1128.176,2137,1443,2413
775,188856,1132.896,1017.043,1249.621,1129.275,2175,1403,2378
776,189100,1146.39,1012.058,1235.883,1127.626,2205,1372,2350
777,189344,1159.883,1012.611,1225.442,1128.725,2221,1334,2297
778,189588,1166.63,1010.95,1221.595,1129.275,2240,1309,2248
779,189832,1176.75,1003.748,1221.046,1129.824,2254,1291,2198
780,190076,1177.875,997.655,1218.848,1127.626,2257,1273,2135
781,190320,1191.368,994.331,1211.704,1128.725,2266,1268,2082
782,190564,1201.488,992.669,1201.263,1128.176,2282,1257,2027
783,190808,1211.046,993.777,1192.47,1128.725,2295,1252,1969
784,191052,1213.857,1002.087,1182.029,1128.725,2306,1254,1914
785,191296,1216.106,1012.611,1168.841,1128.725,2317,1264,1854
786,191540,1218.355,1021.475,1155.652,1128.176,2326,1275,1794
787,191784,1226.226,1026.46,1145.211,1128.725,2337,1286,1736
788,192028,1230.724,1029.23,1136.968,1128.725,2345,1299,1682
789,192272,1236.347,1032,1129.275,1128.725,2351,1315,1635
790,192516,1240.282,1036.431,1121.582,1128.725,2353,1338,1586
791,192760,1244.218,1041.971,1111.69,1128.725,2355,1370,1543
792,193004,1253.776,1046.956,1096.853,1128.725,2358,1404,1505
793,193248,1266.707,1048.618,1082.565,1128.725,2357,1440,1473
794,193492,1279.076,1050.834,1069.377,1129.275,2353,1487,1447
795,193736,1287.51,1054.157,1057.837,1129.275,2347,1536,1421
796,193980,1292.008,1059.143,1047.945,1129.275,2341,1588,1397
797,194224,1293.132,1067.452,1040.801,1129.824,2332,1646,1379
798,194468,1286.385,1081.855,1034.207,1130.374,2324,1710,1361
799,194712,1274.578,1096.257,1027.063,1128.725,2313,1776,1347
800,194956,1266.145,1109.552,1024.316,1129.275,2299,1842,1330
801,195200,1259.398,1119.523,1021.018,1129.275,2287,1908,1317
802,195444,1254.338,1127.832,1017.721,1129.275,2277,1966,1311
803,195688,1248.716,1137.249,1012.775,1129.275,2265,2026,1309
804,195932,1247.591,1146.666,1007.28,1129.824,2249,2086,1313
805,196176,1245.342,1159.407,997.389,1130.374,2233,2145,1329
806,196420,1241.407,1175.471,984.75,1129.824,2217,2206,1345
807,196664,1239.72,1188.766,972.111,1129.824,2200,2266,1366
808,196908,1240.282,1200.399,959.472,1129.824,2181,2325,1395
809,197152,1238.596,1207.6,952.877,1129.275,2164,2388,1419
810,197396,1234.098,1216.463,951.229,1130.374,2144,2446,1453
811,197640,1223.415,1221.449,950.679,1128.176,2124,2504,1486
812,197884,1212.171,1226.988,960.021,1129.275,2103,2561,1526
813,198128,1198.115,1229.758,971.012,1129.275,2082,2619,1568
814,198372,1184.621,1231.42,980.903,1128.725,2060,2678,1608
815,198616,1172.814,1235.297,988.047,1128.176,2035,2730,1651
816,198860,1158.196,1237.513,997.389,1127.077,1996,2771,1682
817,199104,1146.952,1245.268,1012.775,1131.473,1971,2798,1708
818,199348,1132.896,1239.729,1019.919,1127.077,1962,2845,1776
819,199592,1130.647,1244.16,1023.216,1128.725,1946,2868,1820
820,199836,1122.214,1249.7,1023.766,1128.176,1930,2887,1872
821,200080,1110.407,1257.455,1029.811,1128.725,1917,2899,1925
822,200324,1099.162,1261.887,1036.955,1128.725,1904,2906,1983
823,200568,1089.604,1262.995,1045.747,1128.725,1893,2916,2038
824,200812,1083.42,1260.225,1053.99,1128.725,1880,2920,2094
825,201056,1080.609,1252.47,1063.881,1128.725,1866,2915,2152
826,201300,1077.797,1241.945,1077.07,1128.725,1855,2907,2210
827,201544,1073.3,1233.082,1091.358,1128.725,1846,2895,2270
828,201788,1066.553,1227.542,1102.348,1128.176,1837,2884,2326
829,202032,1060.93,1225.326,1110.042,1128.176,1826,2870,2379
830,202276,1056.433,1223.111,1117.185,1128.725,1823,2851,2426
831,202520,1052.497,1219.787,1123.23,1128.176,1818,2825,2470
832,202764,1047.999,1213.14,1134.77,1128.176,1814,2795,2514
833,203008,1038.441,1208.154,1149.058,1128.176,1814,2762,2550
834,203252,1024.948,1205.384,1163.345,1127.626,1816,2724,2581
835,203496,1014.827,1204.276,1175.985,1128.176,1820,2677,2609
836,203740,1005.832,1201.507,1187.525,1127.626,1824,2628,2634
837,203984,1003.021,1195.967,1197.416,1128.176,1832,2576,2659
838,204228,1001.896,1185.996,1204.01,1127.077,1840,2518,2678
839,204472,1008.643,1173.256,1211.704,1127.626,1851,2454,2695
840,204716,1019.325,1158.299,1216.649,1127.626,1862,2388,2712
841,204960,1028.321,1146.112,1220.496,1127.626,1874,2319,2727
842,205204,1033.943,1137.249,1224.892,1128.176,1889,2256,2739
843,205448,1038.441,1128.386,1227.09,1127.626,1899,2196,2748
844,205692,1043.501,1118.415,1232.586,1127.626,1909,2137,2748
845,205936,1046.875,1108.998,1238.081,1127.626,1924,2078,2741
846,206180,1049.686,1095.703,1247.972,1127.077,1942,2019,2730
847,206424,1050.248,1079.085,1262.26,1126.527,1956,1955,2707
848,206668,1053.621,1066.898,1275.998,1128.176,1974,1896,2688
849,206912,1053.059,1055.265,1283.142,1126.527,1994,1837,2661
850,207156,1054.746,1046.956,1291.934,1127.626,2015,1776,2634
851,207400,1059.244,1039.755,1295.232,1127.626,2033,1716,2605
852,207644,1069.364,1033.661,1291.934,1127.626,2054,1663,2569
853,207888,1081.171,1028.676,1284.791,1127.626,2076,1605,2532
854,208132,1096.351,1025.906,1272.152,1127.626,2099,1549,2490
855,208376,1107.596,1023.136,1263.359,1127.626,2116,1489,2445
856,208620,1118.84,1020.921,1255.666,1128.176,2136,1434,2405
857,208864,1132.896,1018.705,1247.423,1129.275,2178,1397,2373
858,209108,1150.887,1013.719,1232.586,1128.725,2221,1374,2351
859,209352,1159.321,1011.504,1221.595,1127.077,2236,1336,2299
860,209596,1163.819,1009.288,1219.397,1127.077,2240,1306,2240
861,209840,1167.754,1005.964,1221.595,1128.176,2248,1287,2186
862,210084,1178.999,998.763,1217.199,1127.626,2262,1276,2133
863,210328,1191.93,994.331,1207.857,1127.626,2275,1268,2078
864,210572,1203.175,992.669,1197.966,1127.626,2288,1259,2023
865,210816,1208.797,994.885,1189.723,1127.077,2300,1256,1967
866,211060,1212.171,1003.748,1179.831,1128.176,2314,1261,1911
867,211304,1213.295,1014.827,1167.192,1128.176,2325,1271,1852
868,211548,1218.355,1022.582,1153.454,1127.626,2335,1283,1793
869,211792,1224.54,1026.46,1142.464,1127.626,2346,1292,1735
870,212036,1230.724,1028.122,1135.32,1127.626,2355,1307,1684
871,212280,1231.849,1029.784,1127.077,1125.978,2356,1326,1637
872,212524,1238.033,1038.647,1121.032,1128.725,2352,1347,1582
873,212768,1240.282,1044.74,1110.591,1128.176,2356,1376,1542
874,213012,1252.089,1049.172,1094.655,1128.176,2357,1408,1504
875,213256,1265.583,1049.172,1080.917,1128.176,2356,1446,1468
876,213500,1276.827,1051.942,1067.728,1128.176,2350,1493,1442
877,213744,1284.699,1054.711,1057.287,1128.176,2344,1541,1416
878,213988,1288.634,1060.251,1047.945,1128.725,2337,1594,1394
879,214232,1288.072,1069.668,1039.702,1128.725,2329,1650,1374
880,214476,1281.325,1083.516,1032.558,1128.725,2320,1714,1356
881,214720,1270.643,1098.473,1028.162,1128.725,2306,1783,1341
882,214964,1262.209,1111.214,1023.766,1128.725,2294,1849,1326
883,215208,1255.462,1121.185,1020.469,1128.725,2283,1913,1313
884,215452,1250.965,1129.494,1016.622,1128.725,2271,1972,1306
885,215696,1245.905,1139.465,1012.775,1128.725,2260,2031,1305
886,215940,1244.218,1148.328,1005.632,1128.725,2246,2091,1312
887,216184,1240.282,1162.177,994.641,1128.725,2229,2151,1324
888,216428,1238.596,1178.241,982.002,1129.275,2211,2209,1342
889,216672,1236.909,1191.536,969.363,1128.725,2194,2270,1366
890,216916,1235.784,1202.061,958.922,1128.725,2176,2330,1392
891,217160,1234.66,1209.262,951.778,1128.176,2156,2391,1420
892,217404,1230.162,1217.017,949.031,1128.176,2135,2449,1450
893,217648,1220.042,1223.111,951.778,1127.626,2116,2507,1485
894,217892,1207.111,1228.65,961.12,1128.725,2094,2565,1526
895,218136,1193.055,1230.312,971.561,1127.626,2073,2621,1568
896,218380,1179.561,1234.189,981.453,1128.176,2052,2679,1608
897,218624,1169.441,1235.851,988.596,1127.626,2032,2734,1652
898,218868,1155.385,1238.067,997.389,1126.527,1994,2772,1685
899,219112,1137.394,1243.053,1010.577,1126.527,1946,2796,1708
900,219356,1130.647,1249.7,1023.766,1130.923,1933,2821,1745
901,219600,1119.403,1245.822,1021.568,1125.428,1945,2872,1831
902,219844,1118.84,1251.362,1021.568,1127.077,1931,2885,1875
903,220088,1108.158,1257.455,1025.964,1126.527,1916,2897,1931
904,220332,1093.54,1262.441,1036.955,1127.077,1905,2908,1987
905,220576,1082.857,1264.102,1046.846,1127.626,1890,2915,2042
906,220820,1078.922,1259.117,1053.99,1127.077,1876,2917,2100
907,221064,1077.235,1252.47,1066.079,1128.176,1865,2912,2158
908,221308,1074.986,1239.729,1078.719,1127.626,1856,2905,2219
909,221552,1068.239,1233.082,1093.006,1127.626,1845,2893,2277
910,221796,1061.493,1228.096,1102.898,1127.077,1835,2882,2333
911,222040,1055.87,1226.434,1110.042,1127.077,1826,2867,2387
912,222284,1053.621,1224.218,1118.284,1128.176,1822,2846,2432
913,222528,1049.686,1219.233,1124.879,1127.626,1821,2822,2476
914,222772,1043.501,1213.693,1136.419,1127.626,1817,2790,2519
915,223016,1031.132,1207.6,1151.256,1125.978,1814,2758,2556
916,223260,1017.639,1205.384,1164.445,1125.428,1814,2717,2584
917,223504,1007.518,1205.384,1179.282,1127.077,1817,2671,2610
918,223748,999.647,1202.061,1190.272,1127.077,1818,2617,2634
919,223992,996.274,1197.075,1199.065,1127.077,1828,2564,2656
920,224236,996.274,1185.442,1206.758,1125.978,1839,2507,2678
921,224480,1003.583,1171.594,1211.704,1125.428,1848,2442,2693
922,224724,1015.952,1157.191,1217.749,1126.527,1859,2375,2707
923,224968,1022.137,1145.558,1221.595,1125.978,1871,2308,2725
924,225212,1028.883,1135.587,1224.343,1125.978,1884,2244,2737
925,225456,1035.068,1127.278,1230.388,1127.077,1895,2183,2743
926,225700,1040.69,1116.753,1233.685,1126.527,1908,2126,2743
927,225944,1044.626,1106.228,1238.081,1125.978,1929,2069,2737
928,226188,1046.312,1092.933,1250.171,1125.978,1946,2008,2728
929,226432,1049.686,1077.423,1262.26,1125.978,1962,1948,2707
930,226676,1049.686,1063.574,1274.35,1125.428,1980,1888,2686
931,226920,1050.248,1054.711,1285.89,1126.527,1997,1828,2658
932,227164,1051.373,1046.402,1291.385,1125.978,2014,1768,2628
933,227408,1056.433,1038.093,1294.133,1125.978,2035,1708,2599
934,227652,1066.553,1033.107,1291.385,1126.527,2052,1651,2562
935,227896,1080.046,1028.122,1282.043,1126.527,2076,1598,2524
936,228140,1094.102,1025.906,1269.953,1125.978,2103,1539,2484
937,228384,1106.471,1022.582,1261.711,1126.527,2126,1483,2442
938,228628,1117.716,1019.813,1254.567,1127.077,2149,1431,2404
939,228872,1131.209,1018.705,1244.126,1127.626,2188,1395,2373
940,229116,1143.578,1011.504,1229.289,1124.879,2217,1368,2344
941,229360,1154.261,1014.827,1222.694,1127.077,2227,1328,2283
942,229604,1159.321,1010.95,1221.046,1126.527,2236,1300,2231
943,229848,1166.63,1004.856,1220.496,1127.077,2250,1286,2180
944,230092,1178.437,998.209,1214.451,1126.527,2267,1274,2126
945,230336,1190.244,994.331,1206.758,1126.527,2281,1267,2072
946,230580,1199.802,993.223,1197.416,1126.527,2294,1260,2017
947,230824,1204.862,996.547,1189.173,1126.527,2307,1261,1961
948,231068,1207.111,1005.964,1178.732,1127.077,2320,1264,1906
949,231312,1209.36,1016.489,1164.445,1126.527,2332,1275,1847
950,231556,1215.544,1024.244,1151.256,1126.527,2340,1287,1789
951,231800,1220.604,1028.676,1141.914,1126.527,2347,1296,1732
952,232044,1225.102,1030.892,1133.671,1125.978,2356,1312,1680
953,232288,1231.287,1033.661,1125.978,1126.527,2363,1333,1633
954,232532,1234.098,1038.647,1118.834,1126.527,2367,1357,1588
955,232776,1239.72,1044.74,1106.195,1126.527,2370,1389,1547
956,233020,1250.402,1049.172,1091.907,1126.527,2368,1424,1507
957,233264,1262.771,1049.726,1077.62,1125.978,2365,1463,1480
958,233508,1272.329,1053.049,1066.629,1127.077,2357,1508,1449
959,233752,1280.763,1055.819,1056.188,1127.077,2353,1559,1426
960,233996,1284.136,1062.467,1047.396,1127.626,2347,1609,1400
961,234240,1279.638,1071.884,1038.054,1125.978,2336,1669,1382
962,235240,1275.703,1087.394,1033.108,1128.176,2326,1733,1365
963,236240,1263.896,1101.243,1028.162,1127.077,2315,1799,1346
964,237240,1255.462,1112.876,1024.865,1127.077,2303,1867,1335
965,238240,1250.402,1120.631,1021.568,1127.077,2293,1931,1321
966,239240,1245.905,1129.494,1017.172,1127.077,2283,1989,1316
967,240240,1241.969,1138.911,1012.775,1127.626,2269,2050,1319
968,241240,1238.596,1148.882,1006.181,1127.626,2251,2108,1324
969,242240,1235.784,1163.285,995.191,1127.626,2235,2167,1339
970,243240,1233.535,1178.241,981.453,1127.077,2219,2231,1358
971,244240,1232.973,1190.982,969.363,1127.077,2200,2286,1378
972,245240,1232.411,1200.953,960.571,1127.626,2179,2346,1407
973,246240,1230.724,1208.708,953.976,1127.077,2162,2410,1433
974,247240,1226.226,1215.909,951.229,1127.077,2144,2466,1466
975,248240,1215.544,1221.449,953.976,1126.527,2122,2522,1502
976,249240,1202.051,1225.88,964.417,1127.077,2100,2581,1539
977,250240,1186.87,1228.096,975.408,1126.527,2077,2638,1586
978,251240,1173.377,1231.42,984.2,1125.978,2052,2691,1620
979,252240,1162.132,1235.297,992.993,1126.527,2023,2744,1660
980,253240,1148.639,1235.851,1001.235,1125.428,1984,2778,1689
